{
  "formatVersion": 1,
  "database": {
    "version": 6,
    "identityHash": "383028b56bb38eba0127437caf89c67f",
    "entities": [
      {
        "tableName": "wallpaper_metadata",
        "createSql": "CREATE TABLE IF NOT EXISTS `${TABLE_NAME}` (`id` TEXT NOT NULL, `url` TEXT NOT NULL, `thumbnailUrl` TEXT NOT NULL, `source` TEXT NOT NULL, `category` TEXT NOT NULL, `colors` TEXT NOT NULL, `brightness` INTEGER NOT NULL, `contrast` INTEGER NOT NULL, `embedding` TEXT NOT NULL, `resolution` TEXT NOT NULL, `attribution` TEXT, PRIMARY KEY(`id`))",
        "fields": [
          {
            "fieldPath": "id",
            "columnName": "id",
            "affinity": "TEXT",
            "notNull": true
          },
          {
            "fieldPath": "url",
            "columnName": "url",
            "affinity": "TEXT",
            "notNull": true
          },
          {
            "fieldPath": "thumbnailUrl",
            "columnName": "thumbnailUrl",
            "affinity": "TEXT",
            "notNull": true
          },
          {
            "fieldPath": "source",
            "columnName": "source",
            "affinity": "TEXT",
            "notNull": true
          },
          {
            "fieldPath": "category",
            "columnName": "category",
            "affinity": "TEXT",
            "notNull": true
          },
          {
            "fieldPath": "colors",
            "columnName": "colors",
            "affinity": "TEXT",
            "notNull": true
          },
          {
            "fieldPath": "brightness",
            "columnName": "brightness",
            "affinity": "INTEGER",
            "notNull": true
          },
          {
            "fieldPath": "contrast",
            "columnName": "contrast",
            "affinity": "INTEGER",
            "notNull": true
          },
          {
            "fieldPath": "embedding",
            "columnName": "embedding",
            "affinity": "TEXT",
            "notNull": true
          },
          {
            "fieldPath": "resolution",
            "columnName": "resolution",
            "affinity": "TEXT",
            "notNull": true
          },
          {
            "fieldPath": "attribution",
            "columnName": "attribution",
            "affinity": "TEXT"
          }
        ],
        "primaryKey": {
          "autoGenerate": false,
          "columnNames": [
            "id"
          ]
        },
        "indices": [
          {
            "name": "index_wallpaper_metadata_category",
            "unique": false,
            "columnNames": [
              "category"
            ],
            "orders": [],
            "createSql": "CREATE INDEX IF NOT EXISTS `index_wallpaper_metadata_category` ON `${TABLE_NAME}` (`category`)"
          },
          {
            "name": "index_wallpaper_metadata_source",
            "unique": false,
            "columnNames": [
              "source"
            ],
            "orders": [],
            "createSql": "CREATE INDEX IF NOT EXISTS `index_wallpaper_metadata_source` ON `${TABLE_NAME}` (`source`)"
          },
          {
            "name": "index_wallpaper_metadata_brightness",
            "unique": false,
            "columnNames": [
              "brightness"
            ],
            "orders": [],
            "createSql": "CREATE INDEX IF NOT EXISTS `index_wallpaper_metadata_brightness` ON `${TABLE_NAME}` (`brightness`)"
          },
          {
            "name": "index_wallpaper_metadata_contrast",
            "unique": false,
            "columnNames": [
              "contrast"
            ],
            "orders": [],
            "createSql": "CREATE INDEX IF NOT EXISTS `index_wallpaper_metadata_contrast` ON `${TABLE_NAME}` (`contrast`)"
          }
        ]
      },
      {
        "tableName": "user_preferences",
        "createSql": "CREATE TABLE IF NOT EXISTS `${TABLE_NAME}` (`id` INTEGER NOT NULL, `mode` TEXT NOT NULL, `preferenceVector` TEXT NOT NULL, `originalEmbedding` TEXT NOT NULL, `momentumVector` TEXT NOT NULL, `likedWallpaperIds` TEXT NOT NULL, `dislikedWallpaperIds` TEXT NOT NULL, `feedbackCount` INTEGER NOT NULL, `epsilon` REAL NOT NULL, `lastUpdated` INTEGER NOT NULL, PRIMARY KEY(`id`))",
        "fields": [
          {
            "fieldPath": "id",
            "columnName": "id",
            "affinity": "INTEGER",
            "notNull": true
          },
          {
            "fieldPath": "mode",
            "columnName": "mode",
            "affinity": "TEXT",
            "notNull": true
          },
          {
            "fieldPath": "preferenceVector",
            "columnName": "preferenceVector",
            "affinity": "TEXT",
            "notNull": true
          },
          {
            "fieldPath": "originalEmbedding",
            "columnName": "originalEmbedding",
            "affinity": "TEXT",
            "notNull": true
          },
          {
            "fieldPath": "momentumVector",
            "columnName": "momentumVector",
            "affinity": "TEXT",
            "notNull": true
          },
          {
            "fieldPath": "likedWallpaperIds",
            "columnName": "likedWallpaperIds",
            "affinity": "TEXT",
            "notNull": true
          },
          {
            "fieldPath": "dislikedWallpaperIds",
            "columnName": "dislikedWallpaperIds",
            "affinity": "TEXT",
            "notNull": true
          },
          {
            "fieldPath": "feedbackCount",
            "columnName": "feedbackCount",
            "affinity": "INTEGER",
            "notNull": true
          },
          {
            "fieldPath": "epsilon",
            "columnName": "epsilon",
            "affinity": "REAL",
            "notNull": true
          },
          {
            "fieldPath": "lastUpdated",
            "columnName": "lastUpdated",
            "affinity": "INTEGER",
            "notNull": true
          }
        ],
        "primaryKey": {
          "autoGenerate": false,
          "columnNames": [
            "id"
          ]
        }
      },
      {
        "tableName": "wallpaper_history",
        "createSql": "CREATE TABLE IF NOT EXISTS `${TABLE_NAME}` (`id` INTEGER PRIMARY KEY AUTOINCREMENT NOT NULL, `wallpaperId` TEXT NOT NULL, `appliedAt` INTEGER NOT NULL, `removedAt` INTEGER, `userFeedback` TEXT, `downloadedToStorage` INTEGER NOT NULL, `feedbackContext` TEXT)",
        "fields": [
          {
            "fieldPath": "id",
            "columnName": "id",
            "affinity": "INTEGER",
            "notNull": true
          },
          {
            "fieldPath": "wallpaperId",
            "columnName": "wallpaperId",
            "affinity": "TEXT",
            "notNull": true
          },
          {
            "fieldPath": "appliedAt",
            "columnName": "appliedAt",
            "affinity": "INTEGER",
            "notNull": true
          },
          {
            "fieldPath": "removedAt",
            "columnName": "removedAt",
            "affinity": "INTEGER"
          },
          {
            "fieldPath": "userFeedback",
            "columnName": "userFeedback",
            "affinity": "TEXT"
          },
          {
            "fieldPath": "downloadedToStorage",
            "columnName": "downloadedToStorage",
            "affinity": "INTEGER",
            "notNull": true
          },
          {
            "fieldPath": "feedbackContext",
            "columnName": "feedbackContext",
            "affinity": "TEXT"
          }
        ],
        "primaryKey": {
          "autoGenerate": true,
          "columnNames": [
            "id"
          ]
        },
        "indices": [
          {
            "name": "index_wallpaper_history_wallpaperId",
            "unique": false,
            "columnNames": [
              "wallpaperId"
            ],
            "orders": [],
            "createSql": "CREATE INDEX IF NOT EXISTS `index_wallpaper_history_wallpaperId` ON `${TABLE_NAME}` (`wallpaperId`)"
          },
          {
            "name": "index_wallpaper_history_appliedAt",
            "unique": false,
            "columnNames": [
              "appliedAt"
            ],
            "orders": [],
            "createSql": "CREATE INDEX IF NOT EXISTS `index_wallpaper_history_appliedAt` ON `${TABLE_NAME}` (`appliedAt`)"
          }
        ]
      },
      {
        "tableName": "download_queue",
        "createSql": "CREATE TABLE IF NOT EXISTS `${TABLE_NAME}` (`wallpaperId` TEXT NOT NULL, `priority` REAL NOT NULL, `downloaded` INTEGER NOT NULL, `retryCount` INTEGER NOT NULL, PRIMARY KEY(`wallpaperId`))",
        "fields": [
          {
            "fieldPath": "wallpaperId",
            "columnName": "wallpaperId",
            "affinity": "TEXT",
            "notNull": true
          },
          {
            "fieldPath": "priority",
            "columnName": "priority",
            "affinity": "REAL",
            "notNull": true
          },
          {
            "fieldPath": "downloaded",
            "columnName": "downloaded",
            "affinity": "INTEGER",
            "notNull": true
          },
          {
            "fieldPath": "retryCount",
            "columnName": "retryCount",
            "affinity": "INTEGER",
            "notNull": true
          }
        ],
        "primaryKey": {
          "autoGenerate": false,
          "columnNames": [
            "wallpaperId"
          ]
        },
        "indices": [
          {
            "name": "index_download_queue_priority",
            "unique": false,
            "columnNames": [
              "priority"
            ],
            "orders": [],
            "createSql": "CREATE INDEX IF NOT EXISTS `index_download_queue_priority` ON `${TABLE_NAME}` (`priority`)"
          },
          {
            "name": "index_download_queue_downloaded",
            "unique": false,
            "columnNames": [
              "downloaded"
            ],
            "orders": [],
            "createSql": "CREATE INDEX IF NOT EXISTS `index_download_queue_downloaded` ON `${TABLE_NAME}` (`downloaded`)"
          }
        ]
      },
      {
        "tableName": "category_preferences",
        "createSql": "CREATE TABLE IF NOT EXISTS `${TABLE_NAME}` (`category` TEXT NOT NULL, `likes` INTEGER NOT NULL, `dislikes` INTEGER NOT NULL, `views` INTEGER NOT NULL, `lastShown` INTEGER NOT NULL, PRIMARY KEY(`category`))",
        "fields": [
          {
            "fieldPath": "category",
            "columnName": "category",
            "affinity": "TEXT",
            "notNull": true
          },
          {
            "fieldPath": "likes",
            "columnName": "likes",
            "affinity": "INTEGER",
            "notNull": true
          },
          {
            "fieldPath": "dislikes",
            "columnName": "dislikes",
            "affinity": "INTEGER",
            "notNull": true
          },
          {
            "fieldPath": "views",
            "columnName": "views",
            "affinity": "INTEGER",
            "notNull": true
          },
          {
            "fieldPath": "lastShown",
            "columnName": "lastShown",
            "affinity": "INTEGER",
            "notNull": true
          }
        ],
        "primaryKey": {
          "autoGenerate": false,
          "columnNames": [
            "category"
          ]
        }
      },
      {
        "tableName": "color_preferences",
        "createSql": "CREATE TABLE IF NOT EXISTS `${TABLE_NAME}` (`colorHex` TEXT NOT NULL, `likes` INTEGER NOT NULL, `dislikes` INTEGER NOT NULL, `views` INTEGER NOT NULL, `lastShown` INTEGER NOT NULL, PRIMARY KEY(`colorHex`))",
        "fields": [
          {
            "fieldPath": "colorHex",
            "columnName": "colorHex",
            "affinity": "TEXT",
            "notNull": true
          },
          {
            "fieldPath": "likes",
            "columnName": "likes",
            "affinity": "INTEGER",
            "notNull": true
          },
          {
            "fieldPath": "dislikes",
            "columnName": "dislikes",
            "affinity": "INTEGER",
            "notNull": true
          },
          {
            "fieldPath": "views",
            "columnName": "views",
            "affinity": "INTEGER",
            "notNull": true
          },
          {
            "fieldPath": "lastShown",
            "columnName": "lastShown",
            "affinity": "INTEGER",
            "notNull": true
          }
        ],
        "primaryKey": {
          "autoGenerate": false,
          "columnNames": [
            "colorHex"
          ]
        }
      },
      {
        "tableName": "composition_preferences",
        "createSql": "CREATE TABLE IF NOT EXISTS `${TABLE_NAME}` (`id` INTEGER NOT NULL, `averageSymmetry` REAL NOT NULL, `averageRuleOfThirds` REAL NOT NULL, `averageCenterWeight` REAL NOT NULL, `averageEdgeDensity` REAL NOT NULL, `averageComplexity` REAL NOT NULL, `prefersHorizontalSymmetry` REAL NOT NULL, `prefersVerticalSymmetry` REAL NOT NULL, `prefersCenteredComposition` REAL NOT NULL, `prefersEdgeDetail` REAL NOT NULL, `sampleCount` INTEGER NOT NULL, `lastUpdated` INTEGER NOT NULL, PRIMARY KEY(`id`))",
        "fields": [
          {
            "fieldPath": "id",
            "columnName": "id",
            "affinity": "INTEGER",
            "notNull": true
          },
          {
            "fieldPath": "averageSymmetry",
            "columnName": "averageSymmetry",
            "affinity": "REAL",
            "notNull": true
          },
          {
            "fieldPath": "averageRuleOfThirds",
            "columnName": "averageRuleOfThirds",
            "affinity": "REAL",
            "notNull": true
          },
          {
            "fieldPath": "averageCenterWeight",
            "columnName": "averageCenterWeight",
            "affinity": "REAL",
            "notNull": true
          },
          {
            "fieldPath": "averageEdgeDensity",
            "columnName": "averageEdgeDensity",
            "affinity": "REAL",
            "notNull": true
          },
          {
            "fieldPath": "averageComplexity",
            "columnName": "averageComplexity",
            "affinity": "REAL",
            "notNull": true
          },
          {
            "fieldPath": "prefersHorizontalSymmetry",
            "columnName": "prefersHorizontalSymmetry",
            "affinity": "REAL",
            "notNull": true
          },
          {
            "fieldPath": "prefersVerticalSymmetry",
            "columnName": "prefersVerticalSymmetry",
            "affinity": "REAL",
            "notNull": true
          },
          {
            "fieldPath": "prefersCenteredComposition",
            "columnName": "prefersCenteredComposition",
            "affinity": "REAL",
            "notNull": true
          },
          {
            "fieldPath": "prefersEdgeDetail",
            "columnName": "prefersEdgeDetail",
            "affinity": "REAL",
            "notNull": true
          },
          {
            "fieldPath": "sampleCount",
            "columnName": "sampleCount",
            "affinity": "INTEGER",
            "notNull": true
          },
          {
            "fieldPath": "lastUpdated",
            "columnName": "lastUpdated",
            "affinity": "INTEGER",
            "notNull": true
          }
        ],
        "primaryKey": {
          "autoGenerate": false,
          "columnNames": [
            "id"
          ]
        }
      }
    ],
    "setupQueries": [
      "CREATE TABLE IF NOT EXISTS room_master_table (id INTEGER PRIMARY KEY,identity_hash TEXT)",
      "INSERT OR REPLACE INTO room_master_table (id,identity_hash) VALUES(42, '383028b56bb38eba0127437caf89c67f')"
    ]
  }
}