{
  "version": 3,
  "artifactType": {
    "type": "APK",
    "kind": "Directory"
  },
  "applicationId": "me.avinas.vanderwaals",
  "variantName": "release",
  "elements": [
    {
      "type": "SINGLE",
      "filters": [],
      "attributes": [],
      "versionCode": 270,
      "versionName": "2.7.0",
      "outputFile": "vanderwaals-v2.7.0.apk"
    }
  ],
  "elementType": "File",
  "baselineProfiles": [
    {
      "minApi": 28,
      "maxApi": 30,
      "baselineProfiles": [
        "baselineProfiles/1/vanderwaals-v2.7.0.dm"
      ]
    },
    {
      "minApi": 31,
      "maxApi": 2147483647,
      "baselineProfiles": [
        "baselineProfiles/0/vanderwaals-v2.7.0.dm"
      ]
    }
  ],
  "minSdkVersionForDexing": 31
}