{"v":"5.7.7","fr":30,"ip":0,"op":106,"w":1000,"h":1000,"ddd":0,"assets":[{"id":"comp_0","layers":[{"ddd":0,"ind":1,"ty":4,"parent":2,"sr":1,"ks":{"o":{"a":1,"k":[{"t":19,"s":[0],"h":1},{"t":20,"s":[100],"h":1},{"t":80,"s":[100],"h":1},{"t":81,"s":[0],"h":1}]},"r":{"a":0,"k":0},"p":{"a":1,"k":[{"i":{"x":0.83,"y":0.83},"o":{"x":0.17,"y":0.17},"t":20,"s":[63.57,38.24,0],"to":[0,0,0],"ti":[0,0,0]},{"i":{"x":0.83,"y":0.83},"o":{"x":0.17,"y":0.17},"t":21,"s":[63.57,38.34,0],"to":[0,0,0],"ti":[0,0,0]},{"i":{"x":0.83,"y":0.83},"o":{"x":0.17,"y":0.17},"t":79,"s":[63.57,38.34,0],"to":[0,0,0],"ti":[0,0,0]},{"t":80,"s":[63.57,38.24,0]}],"l":2},"a":{"a":0,"k":[77.73,42.62,0],"l":2},"s":{"a":0,"k":[100,100,100],"l":2}},"ao":0,"shapes":[{"ty":"gr","it":[{"ind":0,"ty":"sh","ks":{"a":1,"k":[{"i":{"x":0.67,"y":1},"o":{"x":0.17,"y":0.17},"t":20,"s":[{"i":[[6.99,0],[2.12,-3.67],[-6.13,0],[-2.63,3.05]],"o":[[-6.99,0],[2.07,2.77],[6.13,0],[-2.12,-3.67]],"v":[[0.01,-19.31],[-15.01,-14.72],[0.03,-9.81],[15.07,-14.69]],"c":true}]},{"i":{"x":0.67,"y":1},"o":{"x":0.17,"y":0},"t":23,"s":[{"i":[[6.99,0],[2.12,-3.67],[-6.13,0],[-3.46,4.51]],"o":[[-6.99,0],[3.46,4.51],[6.13,0],[-2.12,-3.67]],"v":[[0,-6.87],[-15.03,-0.56],[0,6.87],[15.03,-0.56]],"c":true}]},{"i":{"x":0.83,"y":0.83},"o":{"x":0.33,"y":0},"t":77,"s":[{"i":[[6.99,0],[2.12,-3.67],[-6.13,0],[-3.46,4.51]],"o":[[-6.99,0],[3.46,4.51],[6.13,0],[-2.12,-3.67]],"v":[[0,-6.87],[-15.03,-0.56],[0,6.87],[15.03,-0.56]],"c":true}]},{"t":80,"s":[{"i":[[6.99,0],[2.12,-3.67],[-6.13,0],[-2.63,3.05]],"o":[[-6.99,0],[2.07,2.77],[6.13,0],[-2.12,-3.67]],"v":[[0.01,-19.31],[-15.01,-14.72],[0.03,-9.81],[15.07,-14.69]],"c":true}]}]}},{"ty":"fl","c":{"a":0,"k":[0.898000021542,0.368999974868,0.458999992819,1]},"o":{"a":0,"k":100},"r":1,"bm":0},{"ty":"tr","p":{"a":0,"k":[77.73,78.12]},"a":{"a":0,"k":[0,0]},"s":{"a":0,"k":[100,100]},"r":{"a":0,"k":0},"o":{"a":0,"k":100},"sk":{"a":0,"k":0},"sa":{"a":0,"k":0}}],"bm":0},{"ty":"gr","it":[{"ind":0,"ty":"sh","ks":{"a":1,"k":[{"i":{"x":0.67,"y":1},"o":{"x":0.17,"y":0.17},"t":20,"s":[{"i":[[10.46,0],[0,0],[0,10.46],[0,0],[0,0],[0,0]],"o":[[0,0],[-10.46,0],[0,0],[0,0],[0,0],[0,10.46]],"v":[[0.03,-0.33],[0.03,-0.33],[-18.94,-15.02],[-18.95,-16.36],[18.95,-16.36],[18.95,-15.02]],"c":true}]},{"i":{"x":0.67,"y":1},"o":{"x":0.17,"y":0},"t":23,"s":[{"i":[[10.46,0],[0,0],[0,10.46],[0,0],[0,0],[0,0]],"o":[[0,0],[-10.46,0],[0,0],[0,0],[0,0],[0,10.46]],"v":[[0,16.36],[0,16.36],[-18.95,-2.59],[-18.95,-16.36],[18.95,-16.36],[18.95,-2.59]],"c":true}]},{"i":{"x":0.83,"y":0.83},"o":{"x":0.33,"y":0},"t":77,"s":[{"i":[[10.46,0],[0,0],[0,10.46],[0,0],[0,0],[0,0]],"o":[[0,0],[-10.46,0],[0,0],[0,0],[0,0],[0,10.46]],"v":[[0,16.36],[0,16.36],[-18.95,-2.59],[-18.95,-16.36],[18.95,-16.36],[18.95,-2.59]],"c":true}]},{"t":80,"s":[{"i":[[10.46,0],[0,0],[0,10.46],[0,0],[0,0],[0,0]],"o":[[0,0],[-10.46,0],[0,0],[0,0],[0,0],[0,10.46]],"v":[[0.03,-0.33],[0.03,-0.33],[-18.94,-15.02],[-18.95,-16.36],[18.95,-16.36],[18.95,-15.02]],"c":true}]}]}},{"ty":"fl","c":{"a":0,"k":[0.349000010771,0.250999989229,0.19199999641,1]},"o":{"a":0,"k":100},"r":1,"bm":0},{"ty":"tr","p":{"a":0,"k":[77.73,68.63]},"a":{"a":0,"k":[0,0]},"s":{"a":0,"k":[100,100]},"r":{"a":0,"k":0},"o":{"a":0,"k":100},"sk":{"a":0,"k":0},"sa":{"a":0,"k":0}}],"bm":0}],"ip":0,"op":900,"st":0,"bm":0},{"ddd":0,"ind":2,"ty":4,"sr":1,"ks":{"o":{"a":0,"k":100},"r":{"a":0,"k":0},"p":{"a":0,"k":[500,500,0],"l":2},"a":{"a":0,"k":[63.57,28,0],"l":2},"s":{"a":0,"k":[400,400,100],"l":2}},"ao":0,"shapes":[{"ty":"gr","it":[{"ind":0,"ty":"sh","ks":{"a":1,"k":[{"i":{"x":0.83,"y":0.83},"o":{"x":0.33,"y":0},"t":17,"s":[{"i":[[0,0],[-8.12,0],[0,0]],"o":[[0,0],[8.12,0],[0,0]],"v":[[-15.55,-2.25],[0,2.25],[15.55,-2.25]],"c":false}]},{"i":{"x":0.83,"y":0.83},"o":{"x":0.17,"y":0.17},"t":19,"s":[{"i":[[0,0],[-8.12,0],[0,0]],"o":[[0,0],[8.12,0],[0,0]],"v":[[-15.57,-1],[0.03,-0.25],[15.54,-1]],"c":false}]},{"i":{"x":0.67,"y":1},"o":{"x":0.17,"y":0.17},"t":81,"s":[{"i":[[0,0],[-8.12,0],[0,0]],"o":[[0,0],[8.12,0],[0,0]],"v":[[-15.57,-1],[0.03,-0.25],[15.54,-1]],"c":false}]},{"t":83,"s":[{"i":[[0,0],[-8.12,0],[0,0]],"o":[[0,0],[8.12,0],[0,0]],"v":[[-15.55,-2.25],[0,2.25],[15.55,-2.25]],"c":false}]}]}},{"ty":"st","c":{"a":0,"k":[0.349000010771,0.250999989229,0.19199999641,1]},"o":{"a":0,"k":100},"w":{"a":0,"k":8},"lc":1,"lj":1,"ml":10,"bm":0},{"ty":"tr","p":{"a":0,"k":[63.57,53.51]},"a":{"a":0,"k":[0,0]},"s":{"a":0,"k":[100,100]},"r":{"a":0,"k":0},"o":{"a":0,"k":100},"sk":{"a":0,"k":0},"sa":{"a":0,"k":0}}],"bm":0}],"ip":0,"op":900,"st":0,"bm":0},{"ddd":0,"ind":3,"ty":4,"parent":2,"sr":1,"ks":{"o":{"a":1,"k":[{"t":22,"s":[0],"h":1},{"t":23,"s":[100],"h":1},{"t":79,"s":[100],"h":1},{"t":80,"s":[0],"h":1}]},"r":{"a":0,"k":0},"p":{"a":0,"k":[63.57,38.34,0],"l":2},"a":{"a":0,"k":[77.73,42.62,0],"l":2},"s":{"a":0,"k":[100,100,100],"l":2}},"ao":0,"shapes":[{"ty":"gr","it":[{"ind":0,"ty":"sh","ks":{"a":0,"k":{"i":[[0,0],[8.22,0],[0,0]],"o":[[0,0],[-8.22,0],[0,0]],"v":[[12.91,2.3],[0,-2.3],[-12.91,2.3]],"c":false}}},{"ty":"st","c":{"a":0,"k":[0.349000010771,0.250999989229,0.19199999641,1]},"o":{"a":0,"k":100},"w":{"a":0,"k":8},"lc":2,"lj":1,"ml":10,"bm":0},{"ty":"tr","p":{"a":0,"k":[122.56,22.3]},"a":{"a":0,"k":[0,0]},"s":{"a":0,"k":[100,100]},"r":{"a":0,"k":0},"o":{"a":0,"k":100},"sk":{"a":0,"k":0},"sa":{"a":0,"k":0}}],"bm":0},{"ty":"gr","it":[{"ind":0,"ty":"sh","ks":{"a":0,"k":{"i":[[0,0],[8.22,0],[0,0]],"o":[[0,0],[-8.22,0],[0,0]],"v":[[12.91,2.3],[0,-2.3],[-12.91,2.3]],"c":false}}},{"ty":"st","c":{"a":0,"k":[0.349000010771,0.250999989229,0.19199999641,1]},"o":{"a":0,"k":100},"w":{"a":0,"k":8},"lc":2,"lj":1,"ml":10,"bm":0},{"ty":"tr","p":{"a":0,"k":[32.91,22.3]},"a":{"a":0,"k":[0,0]},"s":{"a":0,"k":[100,100]},"r":{"a":0,"k":0},"o":{"a":0,"k":100},"sk":{"a":0,"k":0},"sa":{"a":0,"k":0}}],"bm":0}],"ip":0,"op":900,"st":0,"bm":0},{"ddd":0,"ind":4,"ty":4,"sr":1,"ks":{"o":{"a":1,"k":[{"t":22,"s":[100],"h":1},{"t":23,"s":[0],"h":1},{"t":79,"s":[0],"h":1},{"t":80,"s":[100],"h":1}]},"r":{"a":0,"k":0},"p":{"a":0,"k":[500,500,0],"l":2},"a":{"a":0,"k":[0,0,0],"l":2},"s":{"a":0,"k":[-100,100,100],"l":2}},"ao":0,"shapes":[{"ty":"gr","it":[{"ind":0,"ty":"sh","ks":{"a":1,"k":[{"i":{"x":0.83,"y":0.83},"o":{"x":0.33,"y":0},"t":20,"s":[{"i":[[0,0],[-71,0],[0,0]],"o":[[0,0],[71,0],[0,0]],"v":[[-290,-161],[-180,-161],[-66,-161]],"c":false}]},{"i":{"x":0.83,"y":0.83},"o":{"x":0.17,"y":0.17},"t":22,"s":[{"i":[[0,0],[-71,0],[0,0]],"o":[[0,0],[71,0],[0,0]],"v":[[-290,-77],[-180,-118],[-66,-76]],"c":false}]},{"i":{"x":0.67,"y":1},"o":{"x":0.17,"y":0.17},"t":80,"s":[{"i":[[0,0],[-71,0],[0,0]],"o":[[0,0],[71,0],[0,0]],"v":[[-290,-77],[-180,-118],[-66,-76]],"c":false}]},{"t":82,"s":[{"i":[[0,0],[-71,0],[0,0]],"o":[[0,0],[71,0],[0,0]],"v":[[-290,-161],[-180,-161],[-66,-161]],"c":false}]}]}},{"ty":"st","c":{"a":0,"k":[1,0.733333333333,0.411764735802,1]},"o":{"a":0,"k":100},"w":{"a":0,"k":80},"lc":1,"lj":1,"ml":4,"bm":0},{"ty":"tr","p":{"a":0,"k":[0,0]},"a":{"a":0,"k":[0,0]},"s":{"a":0,"k":[100,100]},"r":{"a":0,"k":0},"o":{"a":0,"k":100},"sk":{"a":0,"k":0},"sa":{"a":0,"k":0}}],"bm":0},{"ty":"gr","it":[{"ind":0,"ty":"sh","ks":{"a":1,"k":[{"i":{"x":0.83,"y":0.83},"o":{"x":0.33,"y":0},"t":20,"s":[{"i":[[0,0],[-71,0],[0,0]],"o":[[0,0],[71,0],[0,0]],"v":[[-290,84],[-180,84],[-66,84]],"c":false}]},{"i":{"x":0.83,"y":0.83},"o":{"x":0.17,"y":0.17},"t":22,"s":[{"i":[[0,0],[-55,0],[0,0]],"o":[[0,0],[58,0],[0,0]],"v":[[-270,99],[-180,24],[-88,99]],"c":false}]},{"i":{"x":0.67,"y":1},"o":{"x":0.17,"y":0.17},"t":80,"s":[{"i":[[0,0],[-55,0],[0,0]],"o":[[0,0],[58,0],[0,0]],"v":[[-270,99],[-180,24],[-88,99]],"c":false}]},{"t":82,"s":[{"i":[[0,0],[-71,0],[0,0]],"o":[[0,0],[71,0],[0,0]],"v":[[-290,84],[-180,84],[-66,84]],"c":false}]}]}},{"ty":"st","c":{"a":0,"k":[1,0.733333333333,0.411764735802,1]},"o":{"a":0,"k":100},"w":{"a":0,"k":80},"lc":1,"lj":1,"ml":4,"bm":0},{"ty":"tr","p":{"a":0,"k":[0,0]},"a":{"a":0,"k":[0,0]},"s":{"a":0,"k":[100,100]},"r":{"a":0,"k":0},"o":{"a":0,"k":100},"sk":{"a":0,"k":0},"sa":{"a":0,"k":0}}],"bm":0}],"ip":0,"op":900,"st":0,"bm":0},{"ddd":0,"ind":5,"ty":4,"sr":1,"ks":{"o":{"a":1,"k":[{"t":22,"s":[100],"h":1},{"t":23,"s":[0],"h":1},{"t":79,"s":[0],"h":1},{"t":80,"s":[100],"h":1}]},"r":{"a":0,"k":0},"p":{"a":0,"k":[500,500,0],"l":2},"a":{"a":0,"k":[0,0,0],"l":2},"s":{"a":0,"k":[100,100,100],"l":2}},"ao":0,"shapes":[{"ty":"gr","it":[{"ind":0,"ty":"sh","ks":{"a":1,"k":[{"i":{"x":0.83,"y":0.83},"o":{"x":0.33,"y":0},"t":20,"s":[{"i":[[0,0],[-71,0],[0,0]],"o":[[0,0],[71,0],[0,0]],"v":[[-290,-161],[-180,-161],[-66,-161]],"c":false}]},{"i":{"x":0.83,"y":0.83},"o":{"x":0.17,"y":0.17},"t":22,"s":[{"i":[[0,0],[-71,0],[0,0]],"o":[[0,0],[71,0],[0,0]],"v":[[-290,-77],[-180,-118],[-66,-76]],"c":false}]},{"i":{"x":0.67,"y":1},"o":{"x":0.17,"y":0.17},"t":80,"s":[{"i":[[0,0],[-71,0],[0,0]],"o":[[0,0],[71,0],[0,0]],"v":[[-290,-77],[-180,-118],[-66,-76]],"c":false}]},{"t":82,"s":[{"i":[[0,0],[-71,0],[0,0]],"o":[[0,0],[71,0],[0,0]],"v":[[-290,-161],[-180,-161],[-66,-161]],"c":false}]}]}},{"ty":"st","c":{"a":0,"k":[1,0.733333333333,0.411764735802,1]},"o":{"a":0,"k":100},"w":{"a":0,"k":80},"lc":1,"lj":1,"ml":4,"bm":0},{"ty":"tr","p":{"a":0,"k":[0,0]},"a":{"a":0,"k":[0,0]},"s":{"a":0,"k":[100,100]},"r":{"a":0,"k":0},"o":{"a":0,"k":100},"sk":{"a":0,"k":0},"sa":{"a":0,"k":0}}],"bm":0},{"ty":"gr","it":[{"ind":0,"ty":"sh","ks":{"a":1,"k":[{"i":{"x":0.83,"y":0.83},"o":{"x":0.33,"y":0},"t":20,"s":[{"i":[[0,0],[-71,0],[0,0]],"o":[[0,0],[71,0],[0,0]],"v":[[-290,84],[-180,84],[-66,84]],"c":false}]},{"i":{"x":0.83,"y":0.83},"o":{"x":0.17,"y":0.17},"t":22,"s":[{"i":[[0,0],[-55,0],[0,0]],"o":[[0,0],[58,0],[0,0]],"v":[[-270,99],[-180,24],[-88,99]],"c":false}]},{"i":{"x":0.67,"y":1},"o":{"x":0.17,"y":0.17},"t":80,"s":[{"i":[[0,0],[-55,0],[0,0]],"o":[[0,0],[58,0],[0,0]],"v":[[-270,99],[-180,24],[-88,99]],"c":false}]},{"t":82,"s":[{"i":[[0,0],[-71,0],[0,0]],"o":[[0,0],[71,0],[0,0]],"v":[[-290,84],[-180,84],[-66,84]],"c":false}]}]}},{"ty":"st","c":{"a":0,"k":[1,0.733333333333,0.411764735802,1]},"o":{"a":0,"k":100},"w":{"a":0,"k":80},"lc":1,"lj":1,"ml":4,"bm":0},{"ty":"tr","p":{"a":0,"k":[0,0]},"a":{"a":0,"k":[0,0]},"s":{"a":0,"k":[100,100]},"r":{"a":0,"k":0},"o":{"a":0,"k":100},"sk":{"a":0,"k":0},"sa":{"a":0,"k":0}}],"bm":0}],"ip":0,"op":900,"st":0,"bm":0},{"ddd":0,"ind":6,"ty":4,"sr":1,"ks":{"o":{"a":1,"k":[{"t":22,"s":[100],"h":1},{"t":23,"s":[0],"h":1},{"t":79,"s":[0],"h":1},{"t":80,"s":[100],"h":1}]},"r":{"a":0,"k":0},"p":{"a":0,"k":[500,500,0],"l":2},"a":{"a":0,"k":[63.57,28,0],"l":2},"s":{"a":0,"k":[400,400,100],"l":2}},"ao":0,"shapes":[{"ty":"gr","it":[{"ind":0,"ty":"sh","ks":{"a":0,"k":{"i":[[0,-3.26],[3.27,0],[0,3.27],[-3.27,0]],"o":[[0,3.27],[-3.27,0],[0,-3.26],[3.27,0]],"v":[[5.91,0],[0,5.91],[-5.91,0],[0,-5.91]],"c":true}}},{"ty":"fl","c":{"a":0,"k":[1,1,1,1]},"o":{"a":0,"k":100},"r":1,"bm":0},{"ty":"tr","p":{"a":0,"k":[105.78,12.33]},"a":{"a":0,"k":[0,0]},"s":{"a":0,"k":[100,100]},"r":{"a":0,"k":0},"o":{"a":0,"k":100},"sk":{"a":0,"k":0},"sa":{"a":0,"k":0}}],"bm":0},{"ty":"gr","it":[{"ind":0,"ty":"sh","ks":{"a":0,"k":{"i":[[0,-9.97],[9.97,0],[0,9.97],[-9.97,0]],"o":[[0,9.97],[-9.97,0],[0,-9.97],[9.97,0]],"v":[[18.05,0],[0,18.05],[-18.05,0],[0,-18.05]],"c":true}}},{"ty":"fl","c":{"a":0,"k":[0.349000010771,0.250999989229,0.19199999641,1]},"o":{"a":0,"k":100},"r":1,"bm":0},{"ty":"tr","p":{"a":0,"k":[108.83,18.3]},"a":{"a":0,"k":[0,0]},"s":{"a":0,"k":[100,100]},"r":{"a":0,"k":0},"o":{"a":0,"k":100},"sk":{"a":0,"k":0},"sa":{"a":0,"k":0}}],"bm":0},{"ty":"gr","it":[{"ind":0,"ty":"sh","ks":{"a":0,"k":{"i":[[0,-3.26],[3.27,0],[0,3.27],[-3.26,0]],"o":[[0,3.27],[-3.26,0],[0,-3.26],[3.27,0]],"v":[[5.91,0],[0,5.91],[-5.91,0],[0,-5.91]],"c":true}}},{"ty":"fl","c":{"a":0,"k":[1,1,1,1]},"o":{"a":0,"k":100},"r":1,"bm":0},{"ty":"tr","p":{"a":0,"k":[15.25,12.33]},"a":{"a":0,"k":[0,0]},"s":{"a":0,"k":[100,100]},"r":{"a":0,"k":0},"o":{"a":0,"k":100},"sk":{"a":0,"k":0},"sa":{"a":0,"k":0}}],"bm":0},{"ty":"gr","it":[{"ind":0,"ty":"sh","ks":{"a":0,"k":{"i":[[0,-9.97],[9.97,0],[0,9.97],[-9.97,0]],"o":[[0,9.97],[-9.97,0],[0,-9.97],[9.97,0]],"v":[[18.05,0],[0,18.05],[-18.05,0],[0,-18.05]],"c":true}}},{"ty":"fl","c":{"a":0,"k":[0.349000010771,0.250999989229,0.19199999641,1]},"o":{"a":0,"k":100},"r":1,"bm":0},{"ty":"tr","p":{"a":0,"k":[18.3,18.3]},"a":{"a":0,"k":[0,0]},"s":{"a":0,"k":[100,100]},"r":{"a":0,"k":0},"o":{"a":0,"k":100},"sk":{"a":0,"k":0},"sa":{"a":0,"k":0}}],"bm":0}],"ip":0,"op":900,"st":0,"bm":0}]},{"id":"comp_1","layers":[{"ddd":0,"ind":1,"ty":4,"sr":1,"ks":{"o":{"a":1,"k":[{"i":{"x":[0.83],"y":[0.83]},"o":{"x":[0.17],"y":[0.17]},"t":28,"s":[0]},{"i":{"x":[0.83],"y":[0.83]},"o":{"x":[0.17],"y":[0.17]},"t":30,"s":[100]},{"i":{"x":[0.83],"y":[0.83]},"o":{"x":[0.17],"y":[0.17]},"t":37,"s":[100]},{"t":42,"s":[0]}]},"r":{"a":0,"k":0},"p":{"a":1,"k":[{"i":{"x":0.67,"y":1},"o":{"x":0.17,"y":0.17},"t":28,"s":[354.73,336.18,0],"to":[0,0,0],"ti":[0,0,0]},{"t":42,"s":[284.73,266.18,0]}],"l":2},"a":{"a":0,"k":[88.13,88.95,0],"l":2},"s":{"a":0,"k":[100,100,100],"l":2}},"ao":0,"shapes":[{"ty":"gr","it":[{"ind":0,"ty":"sh","ks":{"a":1,"k":[{"i":{"x":0.67,"y":1},"o":{"x":0.17,"y":0.17},"t":28,"s":[{"i":[[0,0],[-17.51,6.66]],"o":[[5.66,-17.86],[0,0]],"v":[[-20.98,22.21],[20.98,-22.21]],"c":false}]},{"t":42,"s":[{"i":[[0,0],[-38.79,14.76]],"o":[[12.53,-39.57],[0,0]],"v":[[-46.46,49.18],[46.47,-49.18]],"c":false}]}]}},{"ty":"st","c":{"a":0,"k":[1,0.803921628466,0.592156862745,1]},"o":{"a":0,"k":100},"w":{"a":1,"k":[{"i":{"x":[0.67],"y":[1]},"o":{"x":[0.17],"y":[0.17]},"t":28,"s":[15]},{"t":42,"s":[25]}]},"lc":2,"lj":1,"ml":10,"bm":0},{"ty":"tr","p":{"a":0,"k":[88.13,88.95]},"a":{"a":0,"k":[0,0]},"s":{"a":0,"k":[100,100]},"r":{"a":0,"k":0},"o":{"a":0,"k":100},"sk":{"a":0,"k":0},"sa":{"a":0,"k":0}}],"bm":0}],"ip":28,"op":42,"st":19,"bm":0},{"ddd":0,"ind":2,"ty":4,"sr":1,"ks":{"o":{"a":1,"k":[{"i":{"x":[0.83],"y":[0.83]},"o":{"x":[0.17],"y":[0.17]},"t":21,"s":[0]},{"i":{"x":[0.83],"y":[0.83]},"o":{"x":[0.17],"y":[0.17]},"t":23,"s":[100]},{"i":{"x":[0.83],"y":[0.83]},"o":{"x":[0.17],"y":[0.17]},"t":30,"s":[100]},{"t":35,"s":[0]}]},"r":{"a":0,"k":0},"p":{"a":1,"k":[{"i":{"x":0.67,"y":1},"o":{"x":0.17,"y":0.17},"t":21,"s":[354.73,336.18,0],"to":[0,0,0],"ti":[0,0,0]},{"t":35,"s":[284.73,266.18,0]}],"l":2},"a":{"a":0,"k":[88.13,88.95,0],"l":2},"s":{"a":0,"k":[100,100,100],"l":2}},"ao":0,"shapes":[{"ty":"gr","it":[{"ind":0,"ty":"sh","ks":{"a":1,"k":[{"i":{"x":0.67,"y":1},"o":{"x":0.17,"y":0.17},"t":21,"s":[{"i":[[0,0],[-17.51,6.66]],"o":[[5.66,-17.86],[0,0]],"v":[[-20.98,22.21],[20.98,-22.21]],"c":false}]},{"t":35,"s":[{"i":[[0,0],[-38.79,14.76]],"o":[[12.53,-39.57],[0,0]],"v":[[-46.46,49.18],[46.47,-49.18]],"c":false}]}]}},{"ty":"st","c":{"a":0,"k":[1,0.803921628466,0.592156862745,1]},"o":{"a":0,"k":100},"w":{"a":1,"k":[{"i":{"x":[0.67],"y":[1]},"o":{"x":[0.17],"y":[0.17]},"t":21,"s":[15]},{"t":35,"s":[25]}]},"lc":2,"lj":1,"ml":10,"bm":0},{"ty":"tr","p":{"a":0,"k":[88.13,88.95]},"a":{"a":0,"k":[0,0]},"s":{"a":0,"k":[100,100]},"r":{"a":0,"k":0},"o":{"a":0,"k":100},"sk":{"a":0,"k":0},"sa":{"a":0,"k":0}}],"bm":0}],"ip":21,"op":35,"st":12,"bm":0},{"ddd":0,"ind":3,"ty":4,"sr":1,"ks":{"o":{"a":1,"k":[{"i":{"x":[0.83],"y":[0.83]},"o":{"x":[0.17],"y":[0.17]},"t":14,"s":[0]},{"i":{"x":[0.83],"y":[0.83]},"o":{"x":[0.17],"y":[0.17]},"t":16,"s":[100]},{"i":{"x":[0.83],"y":[0.83]},"o":{"x":[0.17],"y":[0.17]},"t":23,"s":[100]},{"t":28,"s":[0]}]},"r":{"a":0,"k":0},"p":{"a":1,"k":[{"i":{"x":0.67,"y":1},"o":{"x":0.17,"y":0.17},"t":14,"s":[354.73,336.18,0],"to":[0,0,0],"ti":[0,0,0]},{"t":28,"s":[284.73,266.18,0]}],"l":2},"a":{"a":0,"k":[88.13,88.95,0],"l":2},"s":{"a":0,"k":[100,100,100],"l":2}},"ao":0,"shapes":[{"ty":"gr","it":[{"ind":0,"ty":"sh","ks":{"a":1,"k":[{"i":{"x":0.67,"y":1},"o":{"x":0.17,"y":0.17},"t":14,"s":[{"i":[[0,0],[-17.51,6.66]],"o":[[5.66,-17.86],[0,0]],"v":[[-20.98,22.21],[20.98,-22.21]],"c":false}]},{"t":28,"s":[{"i":[[0,0],[-38.79,14.76]],"o":[[12.53,-39.57],[0,0]],"v":[[-46.46,49.18],[46.47,-49.18]],"c":false}]}]}},{"ty":"st","c":{"a":0,"k":[1,0.803921628466,0.592156862745,1]},"o":{"a":0,"k":100},"w":{"a":1,"k":[{"i":{"x":[0.67],"y":[1]},"o":{"x":[0.17],"y":[0.17]},"t":14,"s":[15]},{"t":28,"s":[25]}]},"lc":2,"lj":1,"ml":10,"bm":0},{"ty":"tr","p":{"a":0,"k":[88.13,88.95]},"a":{"a":0,"k":[0,0]},"s":{"a":0,"k":[100,100]},"r":{"a":0,"k":0},"o":{"a":0,"k":100},"sk":{"a":0,"k":0},"sa":{"a":0,"k":0}}],"bm":0}],"ip":14,"op":28,"st":5,"bm":0},{"ddd":0,"ind":4,"ty":4,"sr":1,"ks":{"o":{"a":1,"k":[{"i":{"x":[0.83],"y":[0.83]},"o":{"x":[0.17],"y":[0.17]},"t":7,"s":[0]},{"i":{"x":[0.83],"y":[0.83]},"o":{"x":[0.17],"y":[0.17]},"t":9,"s":[100]},{"i":{"x":[0.83],"y":[0.83]},"o":{"x":[0.17],"y":[0.17]},"t":16,"s":[100]},{"t":21,"s":[0]}]},"r":{"a":0,"k":0},"p":{"a":1,"k":[{"i":{"x":0.67,"y":1},"o":{"x":0.17,"y":0.17},"t":7,"s":[354.73,336.18,0],"to":[0,0,0],"ti":[0,0,0]},{"t":21,"s":[284.73,266.18,0]}],"l":2},"a":{"a":0,"k":[88.13,88.95,0],"l":2},"s":{"a":0,"k":[100,100,100],"l":2}},"ao":0,"shapes":[{"ty":"gr","it":[{"ind":0,"ty":"sh","ks":{"a":1,"k":[{"i":{"x":0.67,"y":1},"o":{"x":0.17,"y":0.17},"t":7,"s":[{"i":[[0,0],[-17.51,6.66]],"o":[[5.66,-17.86],[0,0]],"v":[[-20.98,22.21],[20.98,-22.21]],"c":false}]},{"t":21,"s":[{"i":[[0,0],[-38.79,14.76]],"o":[[12.53,-39.57],[0,0]],"v":[[-46.46,49.18],[46.47,-49.18]],"c":false}]}]}},{"ty":"st","c":{"a":0,"k":[1,0.803921628466,0.592156862745,1]},"o":{"a":0,"k":100},"w":{"a":1,"k":[{"i":{"x":[0.67],"y":[1]},"o":{"x":[0.17],"y":[0.17]},"t":7,"s":[15]},{"t":21,"s":[25]}]},"lc":2,"lj":1,"ml":10,"bm":0},{"ty":"tr","p":{"a":0,"k":[88.13,88.95]},"a":{"a":0,"k":[0,0]},"s":{"a":0,"k":[100,100]},"r":{"a":0,"k":0},"o":{"a":0,"k":100},"sk":{"a":0,"k":0},"sa":{"a":0,"k":0}}],"bm":0}],"ip":7,"op":21,"st":-2,"bm":0},{"ddd":0,"ind":5,"ty":4,"sr":1,"ks":{"o":{"a":1,"k":[{"i":{"x":[0.83],"y":[0.83]},"o":{"x":[0.17],"y":[0.17]},"t":0,"s":[0]},{"i":{"x":[0.83],"y":[0.83]},"o":{"x":[0.17],"y":[0.17]},"t":2,"s":[100]},{"i":{"x":[0.83],"y":[0.83]},"o":{"x":[0.17],"y":[0.17]},"t":9,"s":[100]},{"t":14,"s":[0]}]},"r":{"a":0,"k":0},"p":{"a":1,"k":[{"i":{"x":0.67,"y":1},"o":{"x":0.17,"y":0.17},"t":0,"s":[354.73,336.18,0],"to":[0,0,0],"ti":[0,0,0]},{"t":14,"s":[284.73,266.18,0]}],"l":2},"a":{"a":0,"k":[88.13,88.95,0],"l":2},"s":{"a":0,"k":[100,100,100],"l":2}},"ao":0,"shapes":[{"ty":"gr","it":[{"ind":0,"ty":"sh","ks":{"a":1,"k":[{"i":{"x":0.67,"y":1},"o":{"x":0.17,"y":0.17},"t":0,"s":[{"i":[[0,0],[-17.51,6.66]],"o":[[5.66,-17.86],[0,0]],"v":[[-20.98,22.21],[20.98,-22.21]],"c":false}]},{"t":14,"s":[{"i":[[0,0],[-38.79,14.76]],"o":[[12.53,-39.57],[0,0]],"v":[[-46.46,49.18],[46.47,-49.18]],"c":false}]}]}},{"ty":"st","c":{"a":0,"k":[1,0.803921628466,0.592156862745,1]},"o":{"a":0,"k":100},"w":{"a":1,"k":[{"i":{"x":[0.67],"y":[1]},"o":{"x":[0.17],"y":[0.17]},"t":0,"s":[15]},{"t":14,"s":[25]}]},"lc":2,"lj":1,"ml":10,"bm":0},{"ty":"tr","p":{"a":0,"k":[88.13,88.95]},"a":{"a":0,"k":[0,0]},"s":{"a":0,"k":[100,100]},"r":{"a":0,"k":0},"o":{"a":0,"k":100},"sk":{"a":0,"k":0},"sa":{"a":0,"k":0}}],"bm":0}],"ip":0,"op":14,"st":-9,"bm":0}]}],"layers":[{"ddd":0,"ind":1,"ty":0,"parent":5,"refId":"comp_0","sr":1,"ks":{"o":{"a":0,"k":100},"r":{"a":0,"k":0},"p":{"a":0,"k":[196.1,236.89,0],"l":2},"a":{"a":0,"k":[500,500,0],"l":2},"s":{"a":0,"k":[25,25,100],"l":2}},"ao":0,"w":1000,"h":1000,"ip":0,"op":900,"st":0,"bm":0},{"ddd":0,"ind":2,"ty":0,"parent":3,"refId":"comp_1","sr":1,"ks":{"o":{"a":0,"k":80},"r":{"a":0,"k":0},"p":{"a":0,"k":[500,500,0],"l":2},"a":{"a":0,"k":[500,500,0],"l":2},"s":{"a":0,"k":[-100,100,100],"l":2}},"ao":0,"w":1000,"h":1000,"ip":22,"op":64,"st":22,"bm":0},{"ddd":0,"ind":3,"ty":0,"parent":4,"refId":"comp_1","sr":1,"ks":{"o":{"a":0,"k":80},"r":{"a":0,"k":0},"p":{"a":0,"k":[0,-239,0],"l":2},"a":{"a":0,"k":[500,424,0],"l":2},"s":{"a":0,"k":[90,90,100],"l":2}},"ao":0,"w":1000,"h":1000,"ip":22,"op":64,"st":22,"bm":0},{"ddd":0,"ind":4,"ty":3,"sr":1,"ks":{"o":{"a":0,"k":0},"r":{"a":0,"k":0},"p":{"a":1,"k":[{"i":{"x":0.67,"y":1},"o":{"x":0.5,"y":0},"t":13,"s":[500,663,0],"to":[0,0,0],"ti":[0,0,0]},{"i":{"x":0.1,"y":1},"o":{"x":0.33,"y":0},"t":18,"s":[500,693,0],"to":[0,0,0],"ti":[0,0,0]},{"i":{"x":0.1,"y":1},"o":{"x":0.17,"y":0},"t":27,"s":[500,643,0],"to":[0,0,0],"ti":[0,0,0]},{"i":{"x":0.67,"y":1},"o":{"x":0.9,"y":0},"t":69,"s":[500,633,0],"to":[0,0,0],"ti":[0,0,0]},{"i":{"x":0.5,"y":1},"o":{"x":0.33,"y":0},"t":77,"s":[500,683,0],"to":[0,0,0],"ti":[0,0,0]},{"t":85,"s":[500,663,0]}],"l":2},"a":{"a":0,"k":[0,0,0],"l":2},"s":{"a":1,"k":[{"i":{"x":[0.67,0.67,0.67],"y":[1,1,1]},"o":{"x":[0.5,0.5,0.5],"y":[0,0,0]},"t":14,"s":[100,100,100]},{"i":{"x":[0.1,0.1,0.1],"y":[1,1,1]},"o":{"x":[0.33,0.33,0.33],"y":[0,0,0]},"t":19,"s":[103,97,100]},{"i":{"x":[0.1,0.1,0.1],"y":[1,1,1]},"o":{"x":[0.17,0.17,0.17],"y":[0,0,0]},"t":28,"s":[100,100,100]},{"i":{"x":[0.67,0.67,0.67],"y":[1,1,1]},"o":{"x":[0.9,0.9,0.9],"y":[0,0,0]},"t":70,"s":[100,100,100]},{"i":{"x":[0.5,0.5,0.5],"y":[1,1,1]},"o":{"x":[0.33,0.33,0.33],"y":[0,0,0]},"t":78,"s":[102,98,100]},{"t":86,"s":[100,100,100]}],"l":2}},"ao":0,"ip":0,"op":900,"st":0,"bm":0},{"ddd":0,"ind":5,"ty":4,"parent":4,"sr":1,"ks":{"o":{"a":0,"k":100},"r":{"a":1,"k":[{"i":{"x":[0.6],"y":[1]},"o":{"x":[0.33],"y":[0]},"t":19,"s":[0]},{"i":{"x":[0.6],"y":[1]},"o":{"x":[0.4],"y":[0]},"t":24,"s":[18]},{"i":{"x":[0.6],"y":[1]},"o":{"x":[0.4],"y":[0]},"t":29,"s":[-17]},{"i":{"x":[0.6],"y":[1]},"o":{"x":[0.4],"y":[0]},"t":34,"s":[16]},{"i":{"x":[0.6],"y":[1]},"o":{"x":[0.4],"y":[0]},"t":39,"s":[-14]},{"i":{"x":[0.6],"y":[1]},"o":{"x":[0.4],"y":[0]},"t":44,"s":[12]},{"i":{"x":[0.6],"y":[1]},"o":{"x":[0.4],"y":[0]},"t":49,"s":[-10]},{"i":{"x":[0.6],"y":[1]},"o":{"x":[0.4],"y":[0]},"t":54,"s":[7]},{"i":{"x":[0.6],"y":[1]},"o":{"x":[0.4],"y":[0]},"t":59,"s":[-4]},{"i":{"x":[0.6],"y":[1]},"o":{"x":[0.4],"y":[0]},"t":64,"s":[2]},{"i":{"x":[0.6],"y":[1]},"o":{"x":[0.4],"y":[0]},"t":69,"s":[-1]},{"t":74,"s":[0]}]},"p":{"a":0,"k":[0,-318.07,0],"l":2},"a":{"a":0,"k":[196.1,53.82,0],"l":2},"s":{"a":0,"k":[100,100,100],"l":2}},"ao":0,"shapes":[{"ty":"gr","it":[{"ty":"gr","it":[{"ind":0,"ty":"sh","ks":{"a":0,"k":{"i":[[3.24,-4.52],[-3.05,-2.18],[-3.24,4.52],[3.05,2.18]],"o":[[-3.24,4.52],[3.05,2.18],[3.24,-4.52],[-3.05,-2.18]],"v":[[-5.52,-3.95],[-5.87,8.19],[4.73,3.7],[5.87,-8.19]],"c":true}}},{"ty":"fl","c":{"a":0,"k":[1,0.804000016755,0.592000026329,1]},"o":{"a":0,"k":100},"r":1,"bm":0},{"ty":"tr","p":{"a":0,"k":[94.66,109.67]},"a":{"a":0,"k":[0,0]},"s":{"a":0,"k":[100,100]},"r":{"a":0,"k":0},"o":{"a":0,"k":100},"sk":{"a":0,"k":0},"sa":{"a":0,"k":0}}],"bm":0},{"ty":"gr","it":[{"ind":0,"ty":"sh","ks":{"a":0,"k":{"i":[[11.9,-7.57],[-4.71,-7.41],[-11.9,7.57],[4.71,7.41]],"o":[[-11.9,7.57],[4.72,7.41],[11.9,-7.57],[-4.71,-7.41]],"v":[[-8.54,-13.42],[-21.54,13.7],[5.74,10.66],[21.54,-13.7]],"c":true}}},{"ty":"fl","c":{"a":0,"k":[1,0.804000016755,0.592000026329,1]},"o":{"a":0,"k":100},"r":1,"bm":0},{"ty":"tr","p":{"a":0,"k":[129.74,75.34]},"a":{"a":0,"k":[0,0]},"s":{"a":0,"k":[100,100]},"r":{"a":0,"k":0},"o":{"a":0,"k":100},"sk":{"a":0,"k":0},"sa":{"a":0,"k":0}}],"bm":0},{"ty":"tr","p":{"a":0,"k":[193.6,148.44]},"a":{"a":0,"k":[193.6,148.44]},"s":{"a":0,"k":[100,100]},"r":{"a":1,"k":[{"i":{"x":[0.6],"y":[1]},"o":{"x":[0.33],"y":[0]},"t":19,"s":[0]},{"i":{"x":[0.6],"y":[1]},"o":{"x":[0.4],"y":[0]},"t":24,"s":[-8]},{"i":{"x":[0.6],"y":[1]},"o":{"x":[0.4],"y":[0]},"t":29,"s":[7]},{"i":{"x":[0.6],"y":[1]},"o":{"x":[0.4],"y":[0]},"t":34,"s":[-6]},{"i":{"x":[0.6],"y":[1]},"o":{"x":[0.4],"y":[0]},"t":39,"s":[5]},{"i":{"x":[0.6],"y":[1]},"o":{"x":[0.4],"y":[0]},"t":44,"s":[-4.5]},{"i":{"x":[0.6],"y":[1]},"o":{"x":[0.4],"y":[0]},"t":49,"s":[4]},{"i":{"x":[0.6],"y":[1]},"o":{"x":[0.4],"y":[0]},"t":54,"s":[-3]},{"i":{"x":[0.6],"y":[1]},"o":{"x":[0.4],"y":[0]},"t":59,"s":[1.5]},{"i":{"x":[0.6],"y":[1]},"o":{"x":[0.4],"y":[0]},"t":64,"s":[-0.75]},{"t":69,"s":[0]}]},"o":{"a":0,"k":100},"sk":{"a":0,"k":0},"sa":{"a":0,"k":0}}],"bm":0},{"ty":"gr","it":[{"ind":0,"ty":"sh","ks":{"a":0,"k":{"i":[[1.25,0],[0,0],[0,1.25],[-1.25,0],[0,0],[0,-1.25]],"o":[[0,0],[-1.25,0],[0,-1.25],[0,0],[1.25,0],[0,1.25]],"v":[[49.34,2.27],[-49.34,2.27],[-51.61,0],[-49.34,-2.27],[49.34,-2.27],[51.61,0]],"c":true}}},{"ty":"fl","c":{"a":0,"k":[0.936999990426,0.654999976065,0.375999989229,1]},"o":{"a":0,"k":100},"r":1,"bm":0},{"ty":"tr","p":{"a":0,"k":[308.22,321.15]},"a":{"a":0,"k":[0,0]},"s":{"a":0,"k":[100,100]},"r":{"a":0,"k":0},"o":{"a":0,"k":100},"sk":{"a":0,"k":0},"sa":{"a":0,"k":0}}],"bm":0},{"ty":"gr","it":[{"ind":0,"ty":"sh","ks":{"a":0,"k":{"i":[[3.87,0],[0,0],[0,3.87],[-3.87,0],[0,0],[0,-3.87]],"o":[[0,0],[-3.87,0],[0,-3.87],[0,0],[3.87,0],[0,3.87]],"v":[[5.8,7],[-5.8,7],[-12.8,0],[-5.8,-7],[5.8,-7],[12.8,0]],"c":true}}},{"ty":"fl","c":{"a":0,"k":[1,0.804000016755,0.592000026329,1]},"o":{"a":0,"k":100},"r":1,"bm":0},{"ty":"tr","p":{"a":0,"k":[102.22,333.51]},"a":{"a":0,"k":[0,0]},"s":{"a":0,"k":[100,100]},"r":{"a":0,"k":0},"o":{"a":0,"k":100},"sk":{"a":0,"k":0},"sa":{"a":0,"k":0}}],"bm":0},{"ty":"gr","it":[{"ind":0,"ty":"sh","ks":{"a":0,"k":{"i":[[3.87,0],[0,0],[0,3.87],[-3.87,0],[0,0],[0,-3.87]],"o":[[0,0],[-3.87,0],[0,-3.87],[0,0],[3.87,0],[0,3.87]],"v":[[24.48,7],[-24.48,7],[-31.48,0],[-24.48,-7],[24.48,-7],[31.48,0]],"c":true}}},{"ty":"fl","c":{"a":0,"k":[1,0.804000016755,0.592000026329,1]},"o":{"a":0,"k":100},"r":1,"bm":0},{"ty":"tr","p":{"a":0,"k":[47.43,333.51]},"a":{"a":0,"k":[0,0]},"s":{"a":0,"k":[100,100]},"r":{"a":0,"k":0},"o":{"a":0,"k":100},"sk":{"a":0,"k":0},"sa":{"a":0,"k":0}}],"bm":0},{"ty":"gr","it":[{"ind":0,"ty":"sh","ks":{"a":0,"k":{"i":[[13.84,0],[0,0],[0,-13.84],[13.84,0],[0,0],[0,13.84]],"o":[[0,0],[13.84,0],[0,13.84],[0,0],[13.84,0],[0,-13.84]],"v":[[8.64,-25.06],[-33.7,-25.06],[-8.64,0],[-33.7,25.06],[8.64,25.06],[33.7,0]],"c":true}}},{"ty":"fl","c":{"a":0,"k":[0.936999990426,0.654999976065,0.375999989229,1]},"o":{"a":0,"k":100},"r":1,"bm":0},{"ty":"tr","p":{"a":0,"k":[358.25,346.21]},"a":{"a":0,"k":[0,0]},"s":{"a":0,"k":[100,100]},"r":{"a":0,"k":0},"o":{"a":0,"k":100},"sk":{"a":0,"k":0},"sa":{"a":0,"k":0}}],"bm":0},{"ty":"gr","it":[{"ind":0,"ty":"sh","ks":{"a":0,"k":{"i":[[13.84,0],[0,0],[0,13.84],[-13.84,0],[0,0],[0,-13.84]],"o":[[0,0],[-13.84,0],[0,-13.84],[0,0],[13.84,0],[0,13.84]],"v":[[170.79,25.06],[-170.79,25.06],[-195.85,0],[-170.79,-25.06],[170.79,-25.06],[195.85,0]],"c":true}}},{"ty":"fl","c":{"a":0,"k":[1,0.732999973671,0.411999990426,1]},"o":{"a":0,"k":100},"r":1,"bm":0},{"ty":"tr","p":{"a":0,"k":[196.1,346.21]},"a":{"a":0,"k":[0,0]},"s":{"a":0,"k":[100,100]},"r":{"a":0,"k":0},"o":{"a":0,"k":100},"sk":{"a":0,"k":0},"sa":{"a":0,"k":0}}],"bm":0},{"ty":"gr","it":[{"ind":0,"ty":"sh","ks":{"a":0,"k":{"i":[[1.19,31.17],[0,0],[72.42,2.73],[0,-130.15],[0,0],[-20.89,-16.41],[0,0]],"o":[[0,0],[-2.78,-73.02],[0,0],[0,0],[0.94,31.17],[0,0],[-26.53,-16.41]],"v":[[46.67,79.08],[42.84,-21.35],[-91,-155.21],[11,-21.35],[14.01,79.08],[48.93,155.21],[91,155.21]],"c":true}}},{"ty":"fl","c":{"a":0,"k":[0.936999990426,0.654999976065,0.375999989229,1]},"o":{"a":0,"k":100},"r":1,"bm":0},{"ty":"tr","p":{"a":0,"k":[292.42,182.67]},"a":{"a":0,"k":[0,0]},"s":{"a":0,"k":[100,100]},"r":{"a":0,"k":0},"o":{"a":0,"k":100},"sk":{"a":0,"k":0},"sa":{"a":0,"k":0}}],"bm":0},{"ty":"gr","it":[{"ind":0,"ty":"sh","ks":{"a":0,"k":{"i":[[-26.53,-16.41],[0,0],[-1.19,31.17],[0,0],[-74.85,0],[-2.85,-74.8],[0,0]],"o":[[0,0],[26.53,-16.41],[0,0],[2.85,-74.8],[74.85,0],[0,0],[1.19,31.17]],"v":[[187.33,155.26],[-187.33,155.26],[-142.99,79.14],[-139.17,-21.3],[0,-155.26],[139.17,-21.29],[142.99,79.14]],"c":true}}},{"ty":"fl","c":{"a":0,"k":[1,0.732999973671,0.411999990426,1]},"o":{"a":0,"k":100},"r":1,"bm":0},{"ty":"tr","p":{"a":0,"k":[196.1,182.61]},"a":{"a":0,"k":[0,0]},"s":{"a":0,"k":[100,100]},"r":{"a":0,"k":0},"o":{"a":0,"k":100},"sk":{"a":0,"k":0},"sa":{"a":0,"k":0}}],"bm":0},{"ty":"gr","it":[{"ind":0,"ty":"sh","ks":{"a":0,"k":{"i":[[0,13.84],[0,0],[-13.84,0],[0,-13.84],[0,0],[13.84,0]],"o":[[0,0],[0,-13.84],[13.84,0],[0,0],[0,13.84],[-13.84,0]],"v":[[-25.06,2.04],[-25.06,-2.04],[0,-27.1],[25.06,-2.04],[25.06,2.04],[0,27.1]],"c":true}}},{"ty":"fl","c":{"a":0,"k":[0.936999990426,0.654999976065,0.375999989229,1]},"o":{"a":0,"k":100},"r":1,"bm":0},{"ty":"tr","p":{"a":0,"k":[196.1,27.35]},"a":{"a":0,"k":[0,0]},"s":{"a":0,"k":[100,100]},"r":{"a":0,"k":0},"o":{"a":0,"k":100},"sk":{"a":0,"k":0},"sa":{"a":0,"k":0}}],"bm":0}],"ip":0,"op":900,"st":0,"bm":0},{"ddd":0,"ind":6,"ty":4,"parent":5,"sr":1,"ks":{"o":{"a":0,"k":100},"r":{"a":1,"k":[{"i":{"x":[0.6],"y":[1]},"o":{"x":[0.33],"y":[0]},"t":21,"s":[0]},{"i":{"x":[0.6],"y":[1]},"o":{"x":[0.4],"y":[0]},"t":26,"s":[12]},{"i":{"x":[0.6],"y":[1]},"o":{"x":[0.4],"y":[0]},"t":31,"s":[-12]},{"i":{"x":[0.6],"y":[1]},"o":{"x":[0.4],"y":[0]},"t":36,"s":[12]},{"i":{"x":[0.6],"y":[1]},"o":{"x":[0.4],"y":[0]},"t":41,"s":[-11.52]},{"i":{"x":[0.6],"y":[1]},"o":{"x":[0.4],"y":[0]},"t":46,"s":[10.41]},{"i":{"x":[0.6],"y":[1]},"o":{"x":[0.4],"y":[0]},"t":51,"s":[-9.42]},{"i":{"x":[0.6],"y":[1]},"o":{"x":[0.4],"y":[0]},"t":56,"s":[7.15]},{"i":{"x":[0.6],"y":[1]},"o":{"x":[0.4],"y":[0]},"t":61,"s":[-5.57]},{"i":{"x":[0.6],"y":[1]},"o":{"x":[0.4],"y":[0]},"t":66,"s":[4.77]},{"i":{"x":[0.6],"y":[1]},"o":{"x":[0.4],"y":[0]},"t":71,"s":[-3.29]},{"i":{"x":[0.6],"y":[1]},"o":{"x":[0.4],"y":[0]},"t":76,"s":[2.12]},{"i":{"x":[0.6],"y":[1]},"o":{"x":[0.4],"y":[0]},"t":82,"s":[-1.73]},{"i":{"x":[0.6],"y":[1]},"o":{"x":[0.4],"y":[0]},"t":88,"s":[0.94]},{"i":{"x":[0.6],"y":[1]},"o":{"x":[0.4],"y":[0]},"t":94,"s":[-0.68]},{"t":100,"s":[0]}]},"p":{"a":0,"k":[196.1,27.71,0],"l":2},"a":{"a":0,"k":[50.37,-277.69,0],"l":2},"s":{"a":0,"k":[100,100,100],"l":2}},"ao":0,"shapes":[{"ty":"gr","it":[{"ind":0,"ty":"sh","ks":{"a":0,"k":{"i":[[0,27.68],[27.68,0],[0,-27.68],[-27.68,0]],"o":[[0,-27.68],[-27.68,0],[0,27.68],[27.68,0]],"v":[[50.12,0],[0,-50.12],[-50.12,0],[0,50.12]],"c":true}}},{"ty":"fl","c":{"a":0,"k":[0.936999990426,0.654999976065,0.375999989229,1]},"o":{"a":0,"k":100},"r":1,"bm":0},{"ty":"tr","p":{"a":0,"k":[50.37,50.37]},"a":{"a":0,"k":[0,0]},"s":{"a":0,"k":[100,100]},"r":{"a":0,"k":0},"o":{"a":0,"k":100},"sk":{"a":0,"k":0},"sa":{"a":0,"k":0}}],"bm":0},{"ty":"gr","it":[{"ty":"tr","p":{"a":0,"k":[0,0]},"a":{"a":0,"k":[0,0]},"s":{"a":0,"k":[100,100]},"r":{"a":0,"k":0},"o":{"a":0,"k":100},"sk":{"a":0,"k":0},"sa":{"a":0,"k":0}}],"bm":0}],"ip":0,"op":900,"st":0,"bm":0}],"markers":[]}