{"v":"4.8.0","meta":{"g":"LottieFiles AE 3.0.2","a":"","k":"","d":"","tc":""},"fr":30,"ip":0,"op":150,"w":1080,"h":1080,"ddd":0,"assets":[],"layers":[{"ddd":0,"ind":1,"ty":4,"sr":1,"ks":{"o":{"a":0,"k":100},"r":{"a":0,"k":0},"p":{"a":0,"k":[576.5,451,0]},"a":{"a":0,"k":[540,540,0]},"s":{"a":0,"k":[10,10,100]}},"ao":0,"shapes":[{"ty":"gr","it":[{"ind":0,"ty":"sh","ks":{"a":0,"k":{"i":[[-0.61,-33.43],[78.83,-1.44],[0.61,33.43],[-78.83,1.44]],"o":[[0.61,33.43],[-78.82,1.44],[-0.61,-33.43],[78.83,-1.44]],"v":[[142.73,-15.58],[1.11,47.56],[-142.72,-10.35],[-0.57,-44.04]],"c":true}}},{"ty":"st","c":{"a":0,"k":[0,0,0.447000002394,1]},"o":{"a":0,"k":100},"w":{"a":0,"k":2},"lc":1,"lj":1,"ml":10,"bm":0},{"ty":"tr","p":{"a":0,"k":[562.48,311.08]},"a":{"a":0,"k":[0,0]},"s":{"a":0,"k":[100,100]},"r":{"a":0,"k":0},"o":{"a":0,"k":100},"sk":{"a":0,"k":0},"sa":{"a":0,"k":0}}],"bm":0},{"ty":"gr","it":[{"ind":0,"ty":"sh","ks":{"a":0,"k":{"i":[[-0.61,-33.43],[78.83,-1.44],[0.61,33.43],[-78.83,1.44]],"o":[[0.61,33.43],[-78.82,1.44],[-0.61,-33.43],[78.83,-1.44]],"v":[[142.73,-16.93],[1.11,46.2],[-142.72,-11.71],[-0.57,-45.4]],"c":true}}},{"ty":"fl","c":{"a":0,"k":[1,1,1,1]},"o":{"a":0,"k":100},"r":1,"bm":0},{"ty":"tr","p":{"a":0,"k":[562.48,312.44]},"a":{"a":0,"k":[0,0]},"s":{"a":0,"k":[100,100]},"r":{"a":0,"k":0},"o":{"a":0,"k":100},"sk":{"a":0,"k":0},"sa":{"a":0,"k":0}}],"bm":0},{"ty":"gr","it":[{"ind":0,"ty":"sh","ks":{"a":0,"k":{"i":[[-2.34,-127.65],[213.47,-3.91],[2.34,127.66],[-213.47,3.91]],"o":[[2.34,127.66],[-213.47,3.91],[-2.34,-127.66],[213.47,-3.91]],"v":[[386.52,-57.23],[4.23,180.98],[-386.52,-43.08],[-2.17,-168.85]],"c":true}}},{"ty":"fl","c":{"a":0,"k":[0,0,0.447000002394,1]},"o":{"a":0,"k":100},"r":1,"bm":0},{"ty":"tr","p":{"a":0,"k":[548.68,372.24]},"a":{"a":0,"k":[0,0]},"s":{"a":0,"k":[100,100]},"r":{"a":0,"k":0},"o":{"a":0,"k":100},"sk":{"a":0,"k":0},"sa":{"a":0,"k":0}}],"bm":0},{"ty":"gr","it":[{"ind":0,"ty":"sh","ks":{"a":0,"k":{"i":[[0,0],[0,0],[0,0],[0,0]],"o":[[0,0],[0,0],[0,0],[0,0]],"v":[[8.14,-184.65],[67.33,181.89],[-67.33,184.65],[-32.4,-182.23]],"c":true}}},{"ty":"fl","c":{"a":0,"k":[0,0,0.447000002394,1]},"o":{"a":0,"k":100},"r":1,"bm":0},{"ty":"tr","p":{"a":0,"k":[556.96,575.48]},"a":{"a":0,"k":[0,0]},"s":{"a":0,"k":[100,100]},"r":{"a":0,"k":0},"o":{"a":0,"k":100},"sk":{"a":0,"k":0},"sa":{"a":0,"k":0}}],"bm":0},{"ty":"gr","it":[{"ind":0,"ty":"sh","ks":{"a":0,"k":{"i":[[0,0],[-11.14,-22.83],[-14.5,-17.45],[-16.55,-8.52],[-18.49,0.65],[-34.81,29.71],[-13.94,39.05],[0,0],[0,0],[-34.91,-29.29],[-37.11,-0.95],[-16.92,8.68],[-14.63,17.98],[-7.04,10.05],[-5.28,11.94],[-9.69,25.6],[0,0],[-18.42,-6.97],[1.59,-15.68],[8.71,-30.42],[18.07,-29.16],[32.04,-21.31],[38.69,-1.64],[33.63,12.28],[27.2,20.84],[25.74,68.43],[0,0],[53.12,-43.21],[33.57,-12.95],[38.86,1.14],[32.42,20.69],[18.67,28.95],[9.49,30.33],[5.09,30.12],[-24.38,4.12],[-6.94,-20.45]],"o":[[8.65,25.38],[10.84,23.08],[14.45,17.51],[16.61,8.47],[36.87,-1.06],[34.72,-29.68],[0,0],[0,0],[14.41,38.99],[35.27,29.09],[18.61,0.76],[16.7,-8.82],[7.54,-8.68],[6.16,-10.87],[11.94,-23],[0,0],[6.97,-18.42],[15.44,5.85],[-3.06,30.12],[-8.48,30.23],[-17.67,29.06],[-31.6,21.35],[-38.72,2.04],[-33.84,-12.21],[-54.2,-42.04],[0,0],[-24.32,69.06],[-26.76,21.38],[-33.32,13.07],[-38.83,-0.53],[-32.69,-20.75],[-18.97,-28.97],[-10.45,-30.21],[-4.13,-24.39],[21.97,-3.72],[0,0]],"v":[[-413.55,-82.63],[-384.85,-9.34],[-347.09,52.55],[-300.34,92.5],[-248.24,104.25],[-134.7,53.71],[-57.64,-54.76],[5.02,-230.25],[69.43,-55.87],[148.52,51.06],[262.82,100.48],[315.69,88.75],[363.73,48.43],[384.77,19.33],[402.93,-14.13],[433.85,-88.09],[434.53,-89.89],[480.5,-110.62],[503.36,-73.66],[487.37,17.3],[449.46,107.52],[376.17,186.63],[266.75,223.89],[157.15,206.4],[66.16,155.03],[-57.25,-10.06],[69.82,-11.17],[-50.81,155.88],[-140.73,209.04],[-250.03,229.11],[-361.06,194.73],[-437.72,117.38],[-479.71,27.87],[-500.82,-62.91],[-464.14,-114.52],[-414.28,-84.82]],"c":true}}},{"ty":"fl","c":{"a":0,"k":[0,0,0.447000002394,1]},"o":{"a":0,"k":100},"r":1,"bm":0},{"ty":"tr","p":{"a":0,"k":[550.46,745.47]},"a":{"a":0,"k":[0,0]},"s":{"a":0,"k":[100,100]},"r":{"a":0,"k":0},"o":{"a":0,"k":100},"sk":{"a":0,"k":0},"sa":{"a":0,"k":0}}],"bm":0}],"ip":0,"op":150,"st":0,"bm":0},{"ddd":0,"ind":2,"ty":4,"sr":1,"ks":{"o":{"a":0,"k":100},"r":{"a":0,"k":0},"p":{"a":0,"k":[540,540,0]},"a":{"a":0,"k":[0,0,0]},"s":{"a":0,"k":[100,100,100]}},"ao":0,"shapes":[{"ty":"gr","it":[{"ind":0,"ty":"sh","ks":{"a":0,"k":{"i":[[0,0],[0,0],[0,0],[0,0],[0,0],[0,0],[0,0],[0,0],[0,0],[0,0]],"o":[[0,0],[0,0],[0,0],[0,0],[0,0],[0,0],[0,0],[0,0],[0,0],[0,0]],"v":[[65,-169],[-1.5,-166],[-26.75,-102],[1.5,-57.75],[21.75,-52.75],[37.5,-67.25],[52,-56],[66.5,-51.5],[86,-77.5],[101.25,-112.25]],"c":true}}},{"ty":"fl","c":{"a":0,"k":[1,1,1,1]},"o":{"a":0,"k":100},"r":1,"bm":0},{"ty":"tr","p":{"a":0,"k":[0,0]},"a":{"a":0,"k":[0,0]},"s":{"a":0,"k":[100,100]},"r":{"a":0,"k":0},"o":{"a":0,"k":100},"sk":{"a":0,"k":0},"sa":{"a":0,"k":0}}],"bm":0}],"ip":0,"op":150,"st":0,"bm":0},{"ddd":0,"ind":3,"ty":4,"sr":1,"ks":{"o":{"a":0,"k":100},"r":{"a":0,"k":9},"p":{"a":1,"k":[{"i":{"x":0.16,"y":1},"o":{"x":0.8,"y":0},"t":36,"s":[576.67,476.21,0],"to":[0,-0.04,0],"ti":[0,0.05,0]},{"i":{"x":0.57,"y":1},"o":{"x":0.43,"y":0},"t":51,"s":[576.67,517.07,0],"to":[0,-0.65,0],"ti":[0,0.05,0]},{"i":{"x":0.19,"y":1},"o":{"x":0.75,"y":0},"t":103,"s":[576.67,517.07,0],"to":[0,-0.65,0],"ti":[0,0.46,0]},{"t":116.09,"s":[576.67,476.21,0]}]},"a":{"a":0,"k":[540,540,0]},"s":{"a":0,"k":[8,8,100]}},"ao":0,"shapes":[{"ty":"gr","it":[{"ind":0,"ty":"sh","ks":{"a":0,"k":{"i":[[24.91,0],[66.8,53.52],[0.86,20.96],[-43.75,1.79],[-1.81,-43.72],[-155.14,-124.14],[-68.53,12.38],[-32.76,54.98],[38.3,116.69],[-41.6,13.66],[-13.66,-41.6],[159.49,-267.69],[114.79,-20.76]],"o":[[-83.92,0],[-243.15,-194.84],[-1.78,-43.75],[43.72,-1.7],[5.19,122.92],[49.91,39.92],[68.59,-12.41],[102.04,-171.24],[-13.65,-41.6],[41.58,-13.67],[6.54,19.93],[-56.82,95.36],[-26.26,4.76]],"v":[[0.27,502.63],[-226.47,422.2],[-493.38,-288.17],[-417.4,-370.62],[-334.96,-294.7],[-127.2,298.56],[48.84,339.49],[199.46,239.34],[186.16,-388.92],[236.77,-488.96],[336.81,-438.35],[335.67,320.51],[77.06,495.51]],"c":true}}},{"ty":"fl","c":{"a":0,"k":[0.093999997307,0.081999999402,0.344999994016,1]},"o":{"a":0,"k":100},"r":1,"bm":0},{"ty":"tr","p":{"a":0,"k":[571.66,517.23]},"a":{"a":0,"k":[0,0]},"s":{"a":0,"k":[100,100]},"r":{"a":0,"k":0},"o":{"a":0,"k":100},"sk":{"a":0,"k":0},"sa":{"a":0,"k":0}}],"bm":0},{"ty":"gr","it":[{"ind":0,"ty":"sh","ks":{"a":0,"k":{"i":[[0,0],[-15.68,11.88],[0,0]],"o":[[0,0],[15.68,-11.88],[0,0]],"v":[[-100.01,-213.66],[84.33,274.77],[60.03,-286.66]],"c":true}}},{"ty":"fl","c":{"a":0,"k":[0.093999997307,0.081999999402,0.344999994016,1]},"o":{"a":0,"k":100},"r":1,"bm":0},{"ty":"tr","p":{"a":0,"k":[483.68,329.33]},"a":{"a":0,"k":[0,0]},"s":{"a":0,"k":[100,100]},"r":{"a":0,"k":0},"o":{"a":0,"k":100},"sk":{"a":0,"k":0},"sa":{"a":0,"k":0}}],"bm":0},{"ty":"gr","it":[{"ind":0,"ty":"sh","ks":{"a":0,"k":{"i":[[391.08,-70.6],[40.01,227.95],[-238.53,43.28],[41.17,227.96]],"o":[[-304.32,55.21],[60.02,201.41],[299.71,-54.25],[40.4,141.2]],"v":[[32.22,372.71],[-423.3,-152.45],[-4.91,212.66],[239.78,-427.92]],"c":true}}},{"ty":"fl","c":{"a":0,"k":[0.987999949736,0.447000002394,0.497999991623,1]},"o":{"a":0,"k":100},"r":1,"bm":0},{"ty":"tr","p":{"a":0,"k":[602.32,561.93]},"a":{"a":0,"k":[0,0]},"s":{"a":0,"k":[100,100]},"r":{"a":0,"k":0},"o":{"a":0,"k":100},"sk":{"a":0,"k":0},"sa":{"a":0,"k":0}}],"bm":0},{"ty":"gr","it":[{"ind":0,"ty":"sh","ks":{"a":0,"k":{"i":[[0,0],[-444.89,80.48],[0,0]],"o":[[0,0],[444.89,-80.48],[0,0]],"v":[[-461.01,-333.58],[16.11,375.33],[214.64,-455.81]],"c":false}}},{"ty":"fl","c":{"a":0,"k":[1,0.404000016755,0.626999978458,1]},"o":{"a":0,"k":100},"r":1,"bm":0},{"ty":"tr","p":{"a":0,"k":[618.5,559.4]},"a":{"a":0,"k":[0,0]},"s":{"a":0,"k":[100,100]},"r":{"a":0,"k":0},"o":{"a":0,"k":100},"sk":{"a":0,"k":0},"sa":{"a":0,"k":0}}],"bm":0}],"ip":0,"op":150,"st":0,"bm":0},{"ddd":0,"ind":4,"ty":4,"sr":1,"ks":{"o":{"a":0,"k":100},"r":{"a":0,"k":0},"p":{"a":0,"k":[540,540,0]},"a":{"a":0,"k":[2000,2000,0]},"s":{"a":0,"k":[33,33,100]}},"ao":0,"shapes":[{"ty":"gr","it":[{"ind":0,"ty":"sh","ks":{"a":0,"k":{"i":[[-3.55,-17.66],[15.13,-3.04],[3.55,17.66],[-15.13,3.04]],"o":[[3.55,17.66],[-15.13,3.04],[-3.55,-17.66],[15.13,-3.04]],"v":[[27.4,-5.51],[6.43,31.97],[-27.4,5.51],[-6.43,-31.97]],"c":true}}},{"ty":"fl","c":{"a":0,"k":[1,1,1,1]},"o":{"a":0,"k":100},"r":1,"bm":0},{"ty":"tr","p":{"a":0,"k":[1311.05,3034.41]},"a":{"a":0,"k":[0,0]},"s":{"a":0,"k":[100,100]},"r":{"a":0,"k":0},"o":{"a":0,"k":100},"sk":{"a":0,"k":0},"sa":{"a":0,"k":0}}],"bm":0},{"ty":"gr","it":[{"ind":0,"ty":"sh","ks":{"a":0,"k":{"i":[[-3.55,-17.66],[15.13,-3.04],[3.55,17.66],[-15.13,3.04]],"o":[[3.55,17.66],[-15.13,3.04],[-3.55,-17.66],[15.13,-3.04]],"v":[[27.4,-5.51],[6.43,31.97],[-27.4,5.51],[-6.43,-31.97]],"c":true}}},{"ty":"fl","c":{"a":0,"k":[1,1,1,1]},"o":{"a":0,"k":100},"r":1,"bm":0},{"ty":"tr","p":{"a":0,"k":[1219.35,3025.56]},"a":{"a":0,"k":[0,0]},"s":{"a":0,"k":[100,100]},"r":{"a":0,"k":0},"o":{"a":0,"k":100},"sk":{"a":0,"k":0},"sa":{"a":0,"k":0}}],"bm":0},{"ty":"gr","it":[{"ind":0,"ty":"sh","ks":{"a":0,"k":{"i":[[-3.55,-17.66],[15.13,-3.04],[3.55,17.66],[-15.13,3.04]],"o":[[3.55,17.66],[-15.13,3.05],[-3.55,-17.66],[15.13,-3.04]],"v":[[27.4,-5.51],[6.43,31.97],[-27.4,5.51],[-6.43,-31.97]],"c":true}}},{"ty":"fl","c":{"a":0,"k":[1,1,1,1]},"o":{"a":0,"k":100},"r":1,"bm":0},{"ty":"tr","p":{"a":0,"k":[1149.49,3089.61]},"a":{"a":0,"k":[0,0]},"s":{"a":0,"k":[100,100]},"r":{"a":0,"k":0},"o":{"a":0,"k":100},"sk":{"a":0,"k":0},"sa":{"a":0,"k":0}}],"bm":0},{"ty":"gr","it":[{"ind":0,"ty":"sh","ks":{"a":0,"k":{"i":[[-5.15,-46.3],[40.22,-4.47],[5.15,46.3],[-40.22,4.47]],"o":[[5.15,46.3],[-40.22,4.47],[-5.15,-46.3],[40.22,-4.47]],"v":[[72.82,-8.1],[9.33,83.83],[-72.82,8.1],[-9.33,-83.83]],"c":true}}},{"ty":"fl","c":{"a":0,"k":[1,1,1,1]},"o":{"a":0,"k":100},"r":1,"bm":0},{"ty":"tr","p":{"a":0,"k":[1255.15,3164.55]},"a":{"a":0,"k":[0,0]},"s":{"a":0,"k":[100,100]},"r":{"a":0,"k":0},"o":{"a":0,"k":100},"sk":{"a":0,"k":0},"sa":{"a":0,"k":0}}],"bm":0},{"ty":"gr","it":[{"ind":0,"ty":"sh","ks":{"a":0,"k":{"i":[[3.55,-17.66],[-15.13,-3.04],[-3.55,17.66],[15.13,3.04]],"o":[[-3.55,17.66],[15.13,3.04],[3.55,-17.66],[-15.13,-3.04]],"v":[[-27.4,-5.51],[-6.43,31.97],[27.4,5.51],[6.43,-31.97]],"c":true}}},{"ty":"fl","c":{"a":0,"k":[1,1,1,1]},"o":{"a":0,"k":100},"r":1,"bm":0},{"ty":"tr","p":{"a":0,"k":[2924.49,3034.41]},"a":{"a":0,"k":[0,0]},"s":{"a":0,"k":[100,100]},"r":{"a":0,"k":0},"o":{"a":0,"k":100},"sk":{"a":0,"k":0},"sa":{"a":0,"k":0}}],"bm":0},{"ty":"gr","it":[{"ind":0,"ty":"sh","ks":{"a":0,"k":{"i":[[3.55,-17.66],[-15.13,-3.04],[-3.55,17.66],[15.13,3.04]],"o":[[-3.55,17.66],[15.13,3.04],[3.55,-17.66],[-15.13,-3.04]],"v":[[-27.4,-5.51],[-6.43,31.97],[27.4,5.51],[6.43,-31.97]],"c":true}}},{"ty":"fl","c":{"a":0,"k":[1,1,1,1]},"o":{"a":0,"k":100},"r":1,"bm":0},{"ty":"tr","p":{"a":0,"k":[3016.19,3025.56]},"a":{"a":0,"k":[0,0]},"s":{"a":0,"k":[100,100]},"r":{"a":0,"k":0},"o":{"a":0,"k":100},"sk":{"a":0,"k":0},"sa":{"a":0,"k":0}}],"bm":0},{"ty":"gr","it":[{"ind":0,"ty":"sh","ks":{"a":0,"k":{"i":[[3.55,-17.66],[-15.13,-3.04],[-3.55,17.66],[15.13,3.04]],"o":[[-3.55,17.66],[15.13,3.05],[3.55,-17.66],[-15.13,-3.04]],"v":[[-27.4,-5.51],[-6.43,31.97],[27.4,5.51],[6.43,-31.97]],"c":true}}},{"ty":"fl","c":{"a":0,"k":[1,1,1,1]},"o":{"a":0,"k":100},"r":1,"bm":0},{"ty":"tr","p":{"a":0,"k":[3086.05,3089.61]},"a":{"a":0,"k":[0,0]},"s":{"a":0,"k":[100,100]},"r":{"a":0,"k":0},"o":{"a":0,"k":100},"sk":{"a":0,"k":0},"sa":{"a":0,"k":0}}],"bm":0},{"ty":"gr","it":[{"ind":0,"ty":"sh","ks":{"a":0,"k":{"i":[[5.15,-46.3],[-40.22,-4.47],[-5.15,46.3],[40.22,4.47]],"o":[[-5.15,46.3],[40.22,4.47],[5.15,-46.3],[-40.22,-4.47]],"v":[[-72.82,-8.1],[-9.33,83.83],[72.82,8.1],[9.33,-83.83]],"c":true}}},{"ty":"fl","c":{"a":0,"k":[1,1,1,1]},"o":{"a":0,"k":100},"r":1,"bm":0},{"ty":"tr","p":{"a":0,"k":[2980.38,3164.55]},"a":{"a":0,"k":[0,0]},"s":{"a":0,"k":[100,100]},"r":{"a":0,"k":0},"o":{"a":0,"k":100},"sk":{"a":0,"k":0},"sa":{"a":0,"k":0}}],"bm":0},{"ty":"gr","it":[{"ind":0,"ty":"sh","ks":{"a":0,"k":{"i":[[-3.16,-13.68],[-7.78,2.33],[3.16,13.68],[7.78,-2.33]],"o":[[3.16,13.68],[7.78,-2.33],[-3.16,-13.68],[-7.78,2.33]],"v":[[-14.09,4.22],[5.71,24.77],[14.09,-4.22],[-5.72,-24.77]],"c":true}}},{"ty":"fl","c":{"a":0,"k":[1,1,1,1]},"o":{"a":0,"k":100},"r":1,"bm":0},{"ty":"tr","p":{"a":0,"k":[2550.11,1597]},"a":{"a":0,"k":[0,0]},"s":{"a":0,"k":[100,100]},"r":{"a":0,"k":0},"o":{"a":0,"k":100},"sk":{"a":0,"k":0},"sa":{"a":0,"k":0}}],"bm":0},{"ty":"gr","it":[{"ind":0,"ty":"sh","ks":{"a":0,"k":{"i":[[-4.94,-27.63],[-15.74,4.12],[4.94,27.63],[15.74,-4.12]],"o":[[4.94,27.63],[15.74,-4.12],[-4.94,-27.63],[-15.74,4.12]],"v":[[-28.5,7.46],[8.95,50.03],[28.5,-7.45],[-8.95,-50.03]],"c":true}}},{"ty":"fl","c":{"a":0,"k":[1,1,1,1]},"o":{"a":0,"k":100},"r":1,"bm":0},{"ty":"tr","p":{"a":0,"k":[2450.04,1544]},"a":{"a":0,"k":[0,0]},"s":{"a":0,"k":[100,100]},"r":{"a":0,"k":0},"o":{"a":0,"k":100},"sk":{"a":0,"k":0},"sa":{"a":0,"k":0}}],"bm":0},{"ty":"gr","it":[{"ind":0,"ty":"sh","ks":{"a":0,"k":{"i":[[-30.39,-73.58],[-52.83,34.1],[30.39,73.58],[52.83,-34.1]],"o":[[30.39,73.58],[52.83,-34.1],[-30.39,-73.58],[-52.83,34.1]],"v":[[-95.65,61.75],[55.03,133.22],[95.65,-61.75],[-55.02,-133.22]],"c":true}}},{"ty":"fl","c":{"a":0,"k":[0,0,0.447000002394,1]},"o":{"a":0,"k":100},"r":1,"bm":0},{"ty":"tr","p":{"a":0,"k":[2492.23,1566.87]},"a":{"a":0,"k":[0,0]},"s":{"a":0,"k":[100,100]},"r":{"a":0,"k":0},"o":{"a":0,"k":100},"sk":{"a":0,"k":0},"sa":{"a":0,"k":0}}],"bm":0},{"ty":"gr","it":[{"ind":0,"ty":"sh","ks":{"a":0,"k":{"i":[[-0.18,-9.99],[23.55,-0.43],[0.18,9.99],[-23.55,0.43]],"o":[[0.18,9.99],[-23.55,0.43],[-0.18,-9.99],[23.55,-0.43]],"v":[[42.64,-4.65],[0.33,14.21],[-42.64,-3.09],[-0.17,-13.16]],"c":true}}},{"ty":"st","c":{"a":0,"k":[0,0,0.447000002394,1]},"o":{"a":0,"k":100},"w":{"a":0,"k":2},"lc":1,"lj":1,"ml":10,"bm":0},{"ty":"tr","p":{"a":0,"k":[2120.06,1661.5]},"a":{"a":0,"k":[0,0]},"s":{"a":0,"k":[100,100]},"r":{"a":0,"k":0},"o":{"a":0,"k":100},"sk":{"a":0,"k":0},"sa":{"a":0,"k":0}}],"bm":0},{"ty":"gr","it":[{"ind":0,"ty":"sh","ks":{"a":0,"k":{"i":[[-0.18,-9.99],[23.55,-0.43],[0.18,9.99],[-23.55,0.43]],"o":[[0.18,9.99],[-23.55,0.43],[-0.18,-9.99],[23.55,-0.43]],"v":[[42.65,-5.06],[0.33,13.81],[-42.64,-3.5],[-0.17,-13.56]],"c":true}}},{"ty":"fl","c":{"a":0,"k":[1,1,1,1]},"o":{"a":0,"k":100},"r":1,"bm":0},{"ty":"tr","p":{"a":0,"k":[2120.05,1661.9]},"a":{"a":0,"k":[0,0]},"s":{"a":0,"k":[100,100]},"r":{"a":0,"k":0},"o":{"a":0,"k":100},"sk":{"a":0,"k":0},"sa":{"a":0,"k":0}}],"bm":0},{"ty":"gr","it":[{"ind":0,"ty":"sh","ks":{"a":0,"k":{"i":[[-0.7,-38.14],[63.78,-1.17],[0.7,38.14],[-63.78,1.17]],"o":[[0.7,38.14],[-63.78,1.17],[-0.7,-38.14],[63.78,-1.17]],"v":[[115.48,-17.1],[1.26,54.07],[-115.48,-12.87],[-0.65,-50.45]],"c":true}}},{"ty":"fl","c":{"a":0,"k":[0,0,0.447000002394,1]},"o":{"a":0,"k":100},"r":1,"bm":0},{"ty":"tr","p":{"a":0,"k":[2115.94,1679.77]},"a":{"a":0,"k":[0,0]},"s":{"a":0,"k":[100,100]},"r":{"a":0,"k":0},"o":{"a":0,"k":100},"sk":{"a":0,"k":0},"sa":{"a":0,"k":0}}],"bm":0},{"ty":"gr","it":[{"ind":0,"ty":"sh","ks":{"a":0,"k":{"i":[[0,0],[0,0],[0,0],[0,0]],"o":[[0,0],[0,0],[0,0],[0,0]],"v":[[2.43,-55.17],[20.12,54.34],[-20.12,55.17],[-9.68,-54.45]],"c":true}}},{"ty":"fl","c":{"a":0,"k":[0,0,0.447000002394,1]},"o":{"a":0,"k":100},"r":1,"bm":0},{"ty":"tr","p":{"a":0,"k":[2118.41,1740.49]},"a":{"a":0,"k":[0,0]},"s":{"a":0,"k":[100,100]},"r":{"a":0,"k":0},"o":{"a":0,"k":100},"sk":{"a":0,"k":0},"sa":{"a":0,"k":0}}],"bm":0},{"ty":"gr","it":[{"ind":0,"ty":"sh","ks":{"a":0,"k":{"i":[[0,0],[-3.33,-6.82],[-4.33,-5.21],[-4.95,-2.55],[-5.52,0.19],[-10.4,8.88],[-4.16,11.67],[0,0],[0,0],[-10.43,-8.75],[-11.09,-0.28],[-5.06,2.59],[-4.37,5.37],[-2.1,3],[-1.58,3.57],[-2.89,7.65],[0,0],[-5.5,-2.08],[0.48,-4.68],[2.6,-9.09],[5.4,-8.71],[9.57,-6.37],[11.56,-0.49],[10.05,3.67],[8.13,6.23],[7.69,20.45],[0,0],[15.87,-12.91],[10.03,-3.87],[11.61,0.34],[9.69,6.18],[5.58,8.65],[2.83,9.06],[1.52,9],[-7.28,1.23],[-2.07,-6.11]],"o":[[2.58,7.58],[3.24,6.9],[4.32,5.23],[4.96,2.53],[11.02,-0.32],[10.37,-8.87],[0,0],[0,0],[4.3,11.65],[10.54,8.69],[5.56,0.23],[4.99,-2.63],[2.25,-2.59],[1.84,-3.25],[3.57,-6.87],[0,0],[2.08,-5.5],[4.61,1.75],[-0.92,9],[-2.53,9.03],[-5.28,8.68],[-9.44,6.38],[-11.57,0.61],[-10.11,-3.65],[-16.19,-12.56],[0,0],[-7.26,20.63],[-8,6.39],[-9.96,3.91],[-11.6,-0.16],[-9.77,-6.2],[-5.67,-8.66],[-3.12,-9.03],[-1.23,-7.29],[6.57,-1.11],[0,0]],"v":[[-123.56,-24.69],[-114.99,-2.79],[-103.7,15.7],[-89.74,27.64],[-74.17,31.15],[-40.25,16.05],[-17.22,-16.36],[1.5,-68.8],[20.74,-16.69],[44.38,15.26],[78.53,30.02],[94.32,26.52],[108.67,14.47],[114.96,5.78],[120.39,-4.22],[129.63,-26.32],[129.83,-26.86],[143.56,-33.05],[150.39,-22.01],[145.62,5.17],[134.29,32.12],[112.39,55.76],[79.7,66.89],[46.95,61.67],[19.77,46.32],[-17.1,-3],[20.86,-3.34],[-15.18,46.58],[-42.05,62.46],[-74.7,68.45],[-107.88,58.18],[-130.78,35.07],[-143.33,8.33],[-149.64,-18.8],[-138.68,-34.22],[-123.78,-25.34]],"c":true}}},{"ty":"fl","c":{"a":0,"k":[0,0,0.447000002394,1]},"o":{"a":0,"k":100},"r":1,"bm":0},{"ty":"tr","p":{"a":0,"k":[2116.47,1791.28]},"a":{"a":0,"k":[0,0]},"s":{"a":0,"k":[100,100]},"r":{"a":0,"k":0},"o":{"a":0,"k":100},"sk":{"a":0,"k":0},"sa":{"a":0,"k":0}}],"bm":0},{"ty":"gr","it":[{"ind":0,"ty":"sh","ks":{"a":0,"k":{"i":[[0,0],[16.88,114.89]],"o":[[1.03,59.04],[0,0]],"v":[[59.27,-46.52],[-60.31,-57.44]],"c":false}}},{"ty":"fl","c":{"a":0,"k":[1,1,1,1]},"o":{"a":0,"k":100},"r":1,"bm":0},{"ty":"tr","p":{"a":0,"k":[2050.79,1824.76]},"a":{"a":0,"k":[0,0]},"s":{"a":0,"k":[100,100]},"r":{"a":0,"k":0},"o":{"a":0,"k":100},"sk":{"a":0,"k":0},"sa":{"a":0,"k":0}}],"bm":0},{"ty":"gr","it":[{"ind":0,"ty":"sh","ks":{"a":0,"k":{"i":[[0,0],[-24.51,118.03]],"o":[[19.91,55.06],[0,0]],"v":[[-69.09,-44.7],[69.09,-59.02]],"c":false}}},{"ty":"st","c":{"a":0,"k":[0,0,0.447000002394,1]},"o":{"a":0,"k":100},"w":{"a":0,"k":2},"lc":1,"lj":1,"ml":10,"bm":0},{"ty":"tr","p":{"a":0,"k":[2189.23,1826.12]},"a":{"a":0,"k":[0,0]},"s":{"a":0,"k":[100,100]},"r":{"a":0,"k":0},"o":{"a":0,"k":100},"sk":{"a":0,"k":0},"sa":{"a":0,"k":0}}],"bm":0},{"ty":"gr","it":[{"ind":0,"ty":"sh","ks":{"a":0,"k":{"i":[[0,0],[-24.51,118.03]],"o":[[19.91,55.06],[0,0]],"v":[[-69.09,-44.7],[69.09,-59.02]],"c":false}}},{"ty":"fl","c":{"a":0,"k":[1,1,1,1]},"o":{"a":0,"k":100},"r":1,"bm":0},{"ty":"tr","p":{"a":0,"k":[2189.23,1826.12]},"a":{"a":0,"k":[0,0]},"s":{"a":0,"k":[100,100]},"r":{"a":0,"k":0},"o":{"a":0,"k":100},"sk":{"a":0,"k":0},"sa":{"a":0,"k":0}}],"bm":0},{"ty":"gr","it":[{"ind":0,"ty":"sh","ks":{"a":0,"k":{"i":[[37.26,10.2],[-28.15,195.54],[-99.84,-3.27],[-52.93,-67.33],[24.25,-45.86],[98.38,5.02]],"o":[[0,0],[28.15,-195.54],[99.84,3.27],[52.93,67.33],[-19.89,37.61],[-98.38,-5.01]],"v":[[-115.79,194.79],[-256.98,-20.91],[-84.23,-226.46],[223.02,-66],[260.87,168.59],[75.66,224.71]],"c":true}}},{"ty":"fl","c":{"a":0,"k":[0.380000005984,0.328999986836,0.477999997606,1]},"o":{"a":0,"k":100},"r":1,"bm":0},{"ty":"tr","p":{"a":0,"k":[2569.55,1585.71]},"a":{"a":0,"k":[0,0]},"s":{"a":0,"k":[100,100]},"r":{"a":0,"k":0},"o":{"a":0,"k":100},"sk":{"a":0,"k":0},"sa":{"a":0,"k":0}}],"bm":0},{"ty":"gr","it":[{"ind":0,"ty":"sh","ks":{"a":0,"k":{"i":[[3.16,-13.68],[7.78,2.33],[-3.16,13.68],[-7.78,-2.33]],"o":[[-3.16,13.68],[-7.78,-2.33],[3.16,-13.68],[7.78,2.33]],"v":[[14.09,4.22],[-5.71,24.77],[-14.09,-4.22],[5.72,-24.77]],"c":true}}},{"ty":"fl","c":{"a":0,"k":[1,1,1,1]},"o":{"a":0,"k":100},"r":1,"bm":0},{"ty":"tr","p":{"a":0,"k":[1699.35,1597]},"a":{"a":0,"k":[0,0]},"s":{"a":0,"k":[100,100]},"r":{"a":0,"k":0},"o":{"a":0,"k":100},"sk":{"a":0,"k":0},"sa":{"a":0,"k":0}}],"bm":0},{"ty":"gr","it":[{"ind":0,"ty":"sh","ks":{"a":0,"k":{"i":[[4.94,-27.63],[15.74,4.12],[-4.94,27.63],[-15.74,-4.12]],"o":[[-4.94,27.63],[-15.74,-4.12],[4.94,-27.63],[15.74,4.12]],"v":[[28.5,7.46],[-8.95,50.03],[-28.5,-7.45],[8.95,-50.03]],"c":true}}},{"ty":"fl","c":{"a":0,"k":[1,1,1,1]},"o":{"a":0,"k":100},"r":1,"bm":0},{"ty":"tr","p":{"a":0,"k":[1799.42,1544]},"a":{"a":0,"k":[0,0]},"s":{"a":0,"k":[100,100]},"r":{"a":0,"k":0},"o":{"a":0,"k":100},"sk":{"a":0,"k":0},"sa":{"a":0,"k":0}}],"bm":0},{"ty":"gr","it":[{"ind":0,"ty":"sh","ks":{"a":0,"k":{"i":[[30.39,-73.58],[52.83,34.1],[-30.39,73.58],[-52.83,-34.1]],"o":[[-30.39,73.58],[-52.83,-34.1],[30.39,-73.58],[52.83,34.1]],"v":[[95.65,61.75],[-55.02,133.22],[-95.65,-61.75],[55.03,-133.22]],"c":true}}},{"ty":"fl","c":{"a":0,"k":[0,0,0.447000002394,1]},"o":{"a":0,"k":100},"r":1,"bm":0},{"ty":"tr","p":{"a":0,"k":[1757.23,1566.87]},"a":{"a":0,"k":[0,0]},"s":{"a":0,"k":[100,100]},"r":{"a":0,"k":0},"o":{"a":0,"k":100},"sk":{"a":0,"k":0},"sa":{"a":0,"k":0}}],"bm":0},{"ty":"gr","it":[{"ind":0,"ty":"sh","ks":{"a":0,"k":{"i":[[63.25,15.02],[-36.54,148.94],[-71.36,-10.65],[-7.04,-38.22],[101.93,-55.19]],"o":[[0,0],[36.54,-148.93],[71.36,10.65],[7.04,38.22],[-101.93,55.2]],"v":[[-137.52,201.88],[-220.93,28.4],[132.97,-210.66],[236.99,-105.78],[155.53,166.12]],"c":true}}},{"ty":"fl","c":{"a":0,"k":[0.380000005984,0.328999986836,0.477999997606,1]},"o":{"a":0,"k":100},"r":1,"bm":0},{"ty":"tr","p":{"a":0,"k":[1686.6,1567.74]},"a":{"a":0,"k":[0,0]},"s":{"a":0,"k":[100,100]},"r":{"a":0,"k":0},"o":{"a":0,"k":100},"sk":{"a":0,"k":0},"sa":{"a":0,"k":0}}],"bm":0},{"ty":"gr","it":[{"ind":0,"ty":"sh","ks":{"a":0,"k":{"i":[[13.47,0],[2.04,-0.02],[14.78,-1.15],[128.31,-162.52],[-22.08,-133.39],[-97.62,-90.53],[-86.09,-35.7],[-261.25,2.64],[-70.37,30.63],[-45.6,43.8],[-12.9,87.39],[111.18,135.87],[396.7,23.9]],"o":[[-2.04,0],[-15.51,0.13],[-396.22,30.84],[-108.78,137.79],[14.43,87.14],[46.36,42.99],[70.9,29.4],[261.34,-1.96],[85.45,-37.2],[96.02,-92.23],[19.74,-133.75],[-131.13,-160.25],[-12.8,-0.77]],"v":[[-0.78,-702.53],[-6.89,-702.51],[-52.53,-700.57],[-715.5,-370.18],[-858.85,229.67],[-718.88,508.64],[-529.92,620.9],[5.39,702.58],[539.22,611.54],[726.19,495.98],[861.25,214.61],[707.43,-382.64],[38.77,-701.37]],"c":true}}},{"ind":1,"ty":"sh","ks":{"a":0,"k":{"i":[[6.05,0],[71.84,29.79],[50.06,46.43],[15.54,93.86],[-116.81,147.96],[-102.22,58.93],[-188.56,14.68],[-16.42,0.14],[-15.66,-0.95],[-116.48,-64.46],[-75.36,-92.09],[21.24,-143.86],[104.77,-100.63],[90.09,-39.22],[267.8,-2.01]],"o":[[-259.01,0],[-90.76,-37.63],[-106.51,-98.78],[-23.75,-143.48],[73.74,-93.4],[115.33,-66.49],[15.69,-1.22],[16.45,-0.16],[188.79,11.37],[103.23,57.13],[119.38,145.89],[-13.89,94.12],[-49.24,47.3],[-72.98,31.77],[-6.11,0.06]],"v":[[-12.54,742.9],[-545.33,658.07],[-746.24,538.14],[-898.54,236.24],[-747.08,-395.12],[-501.08,-621.72],[-55.65,-740.69],[-7.25,-742.75],[41.19,-741.54],[488.64,-630.38],[738.57,-408.12],[901.06,220.48],[754.06,525.01],[555.29,648.43],[5.74,742.81]],"c":true}}},{"ty":"mm","mm":1},{"ty":"fl","c":{"a":0,"k":[0,0,0.447000002394,1]},"o":{"a":0,"k":100},"r":1,"bm":0},{"ty":"tr","p":{"a":0,"k":[2144.98,1463.62]},"a":{"a":0,"k":[0,0]},"s":{"a":0,"k":[100,100]},"r":{"a":0,"k":0},"o":{"a":0,"k":100},"sk":{"a":0,"k":0},"sa":{"a":0,"k":0}}],"bm":0},{"ty":"gr","it":[{"ind":0,"ty":"sh","ks":{"a":0,"k":{"i":[[-0.7,-15.89],[1.36,-9.05],[99.65,-95.72],[89.89,-39.18],[249.34,-1.86],[84.2,34.91],[47.28,43.86],[15.39,92.91],[0.75,15.09],[-1.06,13.23],[-0.15,-1.06],[-101.25,-93.96],[-90.59,-37.52],[-249.34,2.47],[-83.55,36.42],[-46.53,44.67],[-13.73,93.16],[-0.15,1.06]],"o":[[-0.6,10.66],[-13.78,93.16],[-46.48,44.67],[-83.6,36.32],[-249.29,2.52],[-90.59,-37.57],[-101.3,-93.91],[-2.01,-12.17],[0.5,-12.37],[0.2,1.11],[15.39,92.86],[47.33,43.86],[84.2,34.96],[249.34,-1.91],[89.94,-39.08],[99.65,-95.72],[0.2,-1.01],[1.76,17.35]],"v":[[883.45,-242.42],[880.53,-212.84],[739.44,80.11],[546.64,199.62],[4.9,292.27],[-538.29,209.08],[-733.2,92.98],[-879.33,-197.45],[-883.45,-238.5],[-881.09,-276.98],[-880.58,-273.81],[-734.46,16.63],[-539.5,132.67],[3.7,215.92],[545.38,123.16],[738.23,3.75],[879.28,-289.25],[879.73,-292.37]],"c":true}}},{"ty":"fl","c":{"a":0,"k":[0,0,0.447000002394,1]},"o":{"a":0,"k":100},"r":1,"bm":0},{"ty":"tr","p":{"a":0,"k":[2145.63,1894.02]},"a":{"a":0,"k":[0,0]},"s":{"a":0,"k":[100,100]},"r":{"a":0,"k":0},"o":{"a":0,"k":100},"sk":{"a":0,"k":0},"sa":{"a":0,"k":0}}],"bm":0},{"ty":"gr","it":[{"ind":0,"ty":"sh","ks":{"a":0,"k":{"i":[[8.7,-150.5],[1.36,-9.05],[99.65,-95.72],[89.89,-39.18],[249.34,-1.86],[84.2,34.91],[47.28,43.86],[15.39,92.91],[0.75,15.09],[-103.22,130.78],[-53.42,45.42],[-269.91,21.03],[-15.69,0.1],[-15.69,-0.95],[-114.94,-95.47],[-43.41,-53.02]],"o":[[-0.6,10.66],[-13.78,93.16],[-46.48,44.67],[-83.6,36.32],[-249.29,2.52],[-90.59,-37.57],[-101.3,-93.91],[-2.01,-12.17],[-7.9,-153.72],[43.46,-54.98],[112.87,-95.92],[15.64,-1.21],[15.69,-0.15],[272.98,16.45],[52.61,43.76],[108.2,132.24]],"v":[[883.05,186.77],[880.13,216.34],[739.04,509.29],[546.24,628.8],[4.5,721.46],[-538.69,638.26],[-733.61,522.17],[-879.73,231.73],[-883.85,190.69],[-732.35,-383.89],[-591.15,-535.6],[-55.15,-721.86],[-8.12,-723.82],[38.96,-722.66],[581.7,-542.89],[721.94,-396.62]],"c":true}}},{"ty":"st","c":{"a":0,"k":[0,0,0.447000002394,1]},"o":{"a":0,"k":100},"w":{"a":0,"k":2},"lc":1,"lj":1,"ml":10,"bm":0},{"ty":"tr","p":{"a":0,"k":[2146.03,1464.83]},"a":{"a":0,"k":[0,0]},"s":{"a":0,"k":[100,100]},"r":{"a":0,"k":0},"o":{"a":0,"k":100},"sk":{"a":0,"k":0},"sa":{"a":0,"k":0}}],"bm":0},{"ty":"gr","it":[{"ind":0,"ty":"sh","ks":{"a":0,"k":{"i":[[8.7,-150.5],[1.36,-9.05],[99.65,-95.72],[89.89,-39.18],[249.34,-1.86],[84.2,34.91],[47.28,43.86],[15.39,92.91],[0.75,15.09],[-103.22,130.78],[-53.42,45.42],[-269.91,21.03],[-15.69,0.1],[-15.69,-0.95],[-114.94,-95.47],[-43.41,-53.02]],"o":[[-0.6,10.66],[-13.78,93.16],[-46.48,44.67],[-83.6,36.32],[-249.29,2.52],[-90.59,-37.57],[-101.3,-93.91],[-2.01,-12.17],[-7.9,-153.72],[43.46,-54.98],[112.87,-95.92],[15.64,-1.21],[15.69,-0.15],[272.98,16.45],[52.61,43.76],[108.2,132.24]],"v":[[883.05,186.77],[880.13,216.34],[739.04,509.29],[546.24,628.8],[4.5,721.46],[-538.69,638.26],[-733.61,522.17],[-879.73,231.73],[-883.85,190.69],[-732.35,-383.89],[-591.15,-535.6],[-55.15,-721.86],[-8.12,-723.82],[38.96,-722.66],[581.7,-542.89],[721.94,-396.62]],"c":true}}},{"ty":"fl","c":{"a":0,"k":[1,1,1,1]},"o":{"a":0,"k":100},"r":1,"bm":0},{"ty":"tr","p":{"a":0,"k":[2146.03,1464.83]},"a":{"a":0,"k":[0,0]},"s":{"a":0,"k":[100,100]},"r":{"a":0,"k":0},"o":{"a":0,"k":100},"sk":{"a":0,"k":0},"sa":{"a":0,"k":0}}],"bm":0},{"ty":"gr","it":[{"ind":0,"ty":"sh","ks":{"a":0,"k":{"i":[[-73.03,-77.46],[27.36,-11.22],[33.55,-10.21],[144.21,-1.01],[106.18,40.24],[19.57,10.46],[2.97,1.71],[47.48,60.41],[15.29,27.36],[-36.67,-11.27],[-2.72,6.29],[0,0],[0,0],[-29.43,-66.85],[0,0]],"o":[[-18.16,10.21],[-26.26,10.76],[-100.65,30.73],[-188.07,1.96],[-29.63,-11.27],[-3.27,-1.71],[-90.69,-51.91],[-20.82,-26.51],[121.07,111.57],[2.77,-6.64],[39.44,-91.75],[0,0],[0,0],[1.71,-1.91],[0,0]],"v":[[663.44,57.2],[594.83,89.75],[504.74,121.59],[129.3,178.53],[-330.65,100.61],[-404.84,67.62],[-414.2,62.48],[-609.51,-97.62],[-663.43,-178.6],[-372.6,-9.49],[-364.35,-28.86],[-298.2,-175.84],[479.24,-175.84],[527.48,-70.01],[530.19,-72.87]],"c":true}}},{"ty":"fl","c":{"a":0,"k":[0,0,0.447000002394,1]},"o":{"a":0,"k":100},"r":1,"bm":0},{"ty":"tr","p":{"a":0,"k":[2021.24,2108.36]},"a":{"a":0,"k":[0,0]},"s":{"a":0,"k":[100,100]},"r":{"a":0,"k":0},"o":{"a":0,"k":100},"sk":{"a":0,"k":0},"sa":{"a":0,"k":0}}],"bm":0},{"ty":"gr","it":[{"ind":0,"ty":"sh","ks":{"a":0,"k":{"i":[[10.88,0],[0.17,0],[31.77,52.13],[-59.88,123.39],[-96.59,-3.8],[-39.98,-102.08],[10.35,-4.05],[4.05,10.35],[91.68,3.6],[28.46,-58.63],[-22.58,-37.05],[-19.13,-0.46],[0.27,-11.11]],"o":[[-0.17,0],[-40.2,-0.98],[-26.85,-44.05],[35.33,-72.79],[108.15,4.25],[4.05,10.35],[-10.32,4.05],[-33.97,-86.74],[-81.05,-3.2],[-51.54,106.2],[29.61,48.58],[11.11,0.27],[-0.26,10.94]],"v":[[-72.92,235.28],[-73.41,235.28],[-197.63,143.63],[-200.68,-116.13],[19.96,-231.48],[256.51,-61.67],[245.11,-35.59],[219.04,-46.99],[18.38,-191.27],[-164.48,-98.56],[-163.27,122.69],[-72.44,195.05],[-52.81,215.65]],"c":true}}},{"ty":"fl","c":{"a":0,"k":[0,0,0.447000002394,1]},"o":{"a":0,"k":100},"r":1,"bm":0},{"ty":"tr","p":{"a":0,"k":[1450.55,958.49]},"a":{"a":0,"k":[0,0]},"s":{"a":0,"k":[100,100]},"r":{"a":0,"k":0},"o":{"a":0,"k":100},"sk":{"a":0,"k":0},"sa":{"a":0,"k":0}}],"bm":0},{"ty":"gr","it":[{"ind":0,"ty":"sh","ks":{"a":0,"k":{"i":[[46.1,-29.78],[-32.89,-54.71],[0.85,15.38],[123.26,17.91]],"o":[[186.03,-73.41],[14.63,-8.48],[-4.32,-77.88],[-64.33,-9.36]],"v":[[-179.67,-36.81],[157.27,110.22],[178.82,77.62],[-3.75,-73.87]],"c":true}}},{"ty":"st","c":{"a":0,"k":[0,0,0.447000002394,1]},"o":{"a":0,"k":100},"w":{"a":0,"k":2},"lc":1,"lj":1,"ml":10,"bm":0},{"ty":"tr","p":{"a":0,"k":[1498.47,831.12]},"a":{"a":0,"k":[0,0]},"s":{"a":0,"k":[100,100]},"r":{"a":0,"k":0},"o":{"a":0,"k":100},"sk":{"a":0,"k":0},"sa":{"a":0,"k":0}}],"bm":0},{"ty":"gr","it":[{"ind":0,"ty":"sh","ks":{"a":0,"k":{"i":[[46.1,-29.78],[-32.89,-54.71],[0.85,15.38],[123.26,17.91]],"o":[[186.03,-73.41],[14.63,-8.48],[-4.32,-77.88],[-64.33,-9.36]],"v":[[-179.28,-53.69],[157.66,93.34],[179.22,60.75],[-3.35,-90.74]],"c":true}}},{"ty":"fl","c":{"a":0,"k":[1,1,1,1]},"o":{"a":0,"k":100},"r":1,"bm":0},{"ty":"tr","p":{"a":0,"k":[1498.07,847.99]},"a":{"a":0,"k":[0,0]},"s":{"a":0,"k":[100,100]},"r":{"a":0,"k":0},"o":{"a":0,"k":100},"sk":{"a":0,"k":0},"sa":{"a":0,"k":0}}],"bm":0},{"ty":"gr","it":[{"ind":0,"ty":"sh","ks":{"a":0,"k":{"i":[[-28.41,7.92],[9.34,-10],[32.19,31.49],[-62.2,128.15],[-18.08,13.94],[-55.66,-54.37]],"o":[[-7.97,11.42],[-30.76,32.86],[-55.73,-54.44],[8.38,-17.28],[-48.34,124.67],[22.68,22.15]],"v":[[119.91,118.22],[96.97,148.69],[-17.79,151.3],[-57.71,-135.46],[-17.18,-182.79],[37.02,97]],"c":true}}},{"ty":"st","c":{"a":0,"k":[0,0,0.447000002394,1]},"o":{"a":0,"k":100},"w":{"a":0,"k":2},"lc":1,"lj":1,"ml":10,"bm":0},{"ty":"tr","p":{"a":0,"k":[1325.69,986.57]},"a":{"a":0,"k":[0,0]},"s":{"a":0,"k":[100,100]},"r":{"a":0,"k":0},"o":{"a":0,"k":100},"sk":{"a":0,"k":0},"sa":{"a":0,"k":0}}],"bm":0},{"ty":"gr","it":[{"ind":0,"ty":"sh","ks":{"a":0,"k":{"i":[[-28.41,7.92],[9.34,-10],[32.19,31.49],[-62.2,128.15],[-18.08,13.94],[-55.66,-54.37]],"o":[[-7.97,11.42],[-30.76,32.86],[-55.73,-54.44],[8.38,-17.28],[-48.34,124.67],[22.68,22.15]],"v":[[103.65,122.54],[80.71,153.01],[-34.05,155.62],[-73.97,-131.14],[-33.44,-178.47],[20.76,101.31]],"c":true}}},{"ty":"fl","c":{"a":0,"k":[0.204000001795,0.234999997008,0.277999997606,1]},"o":{"a":0,"k":100},"r":1,"bm":0},{"ty":"tr","p":{"a":0,"k":[1341.95,982.26]},"a":{"a":0,"k":[0,0]},"s":{"a":0,"k":[100,100]},"r":{"a":0,"k":0},"o":{"a":0,"k":100},"sk":{"a":0,"k":0},"sa":{"a":0,"k":0}}],"bm":0},{"ty":"gr","it":[{"ind":0,"ty":"sh","ks":{"a":0,"k":{"i":[[-1.14,-77.98],[105.1,-100.47],[21.38,-22.85],[32.2,31.47],[-62.19,128.16],[-98.69,-14.33]],"o":[[0.92,62.89],[-55.29,52.85],[-30.77,32.87],[-55.73,-54.47],[29.82,-61.42],[123.24,17.92]],"v":[[232.37,-45.84],[61.99,85.57],[-16.43,179.13],[-131.19,181.76],[-171.1,-105.02],[58.91,-198.9]],"c":true}}},{"ty":"fl","c":{"a":0,"k":[0.380000005984,0.328999986836,0.477999997606,1]},"o":{"a":0,"k":100},"r":1,"bm":0},{"ty":"tr","p":{"a":0,"k":[1439.08,956.13]},"a":{"a":0,"k":[0,0]},"s":{"a":0,"k":[100,100]},"r":{"a":0,"k":0},"o":{"a":0,"k":100},"sk":{"a":0,"k":0},"sa":{"a":0,"k":0}}],"bm":0},{"ty":"gr","it":[{"ind":0,"ty":"sh","ks":{"a":0,"k":{"i":[[0.28,0],[0.45,10.82],[-11.1,0.46],[-28.75,49.09],[53.39,105.28],[80.87,-4.57],[32.44,-87.32],[10.43,3.88],[-3.87,10.42],[-108.06,6.15],[-36.6,-72.16],[26.07,-44.51],[40.18,-1.68]],"o":[[-10.73,0],[-0.46,-11.1],[19.11,-0.8],[21.93,-37.43],[-29.48,-58.13],[-91.61,5.21],[-3.87,10.41],[-10.41,-3.87],[38.18,-102.77],[96.55,-5.46],[62.04,122.33],[-30.85,52.68],[-0.28,0.01]],"v":[[77.05,235.27],[56.97,215.99],[76.23,195.05],[165.77,121.1],[163.11,-100.13],[-21.34,-189.63],[-219.45,-41.86],[-245.31,-30],[-257.17,-55.87],[-23.62,-229.81],[199,-118.34],[200.5,141.44],[77.91,235.25]],"c":true}}},{"ty":"fl","c":{"a":0,"k":[0,0,0.447000002394,1]},"o":{"a":0,"k":100},"r":1,"bm":0},{"ty":"tr","p":{"a":0,"k":[2827.09,945.14]},"a":{"a":0,"k":[0,0]},"s":{"a":0,"k":[100,100]},"r":{"a":0,"k":0},"o":{"a":0,"k":100},"sk":{"a":0,"k":0},"sa":{"a":0,"k":0}}],"bm":0},{"ty":"gr","it":[{"ind":0,"ty":"sh","ks":{"a":0,"k":{"i":[[54.77,-55.41],[31.34,32.31],[9.68,13.37],[-17.23,17.46],[49.39,129.38],[-1.15,-0.92],[-1.11,-0.92],[-1.11,-0.92],[-0.25,-0.18],[-1.55,-1.41],[-0.25,-0.25],[-0.97,-0.95],[-5.59,-11.02]],"o":[[-31.66,32.04],[-8.57,-8.81],[22.66,-0.7],[57.53,-58.22],[1.19,0.88],[1.15,0.88],[1.11,0.88],[0.22,0.21],[1.62,1.41],[0.29,0.25],[1.01,0.96],[9.83,9.69],[64.43,127.04]],"v":[[29.68,149.8],[-70.38,168.66],[-96.41,135.34],[-34.11,108.13],[21.68,-185.36],[25.2,-182.71],[28.61,-180.03],[31.96,-177.31],[32.67,-176.71],[37.42,-172.47],[38.25,-171.69],[41.24,-168.82],[64.57,-137.62]],"c":true}}},{"ty":"fl","c":{"a":0,"k":[0,0,0.447000002394,1]},"o":{"a":0,"k":100},"r":1,"bm":0},{"ty":"tr","p":{"a":0,"k":[2943.58,973.5]},"a":{"a":0,"k":[0,0]},"s":{"a":0,"k":[100,100]},"r":{"a":0,"k":0},"o":{"a":0,"k":100},"sk":{"a":0,"k":0},"sa":{"a":0,"k":0}}],"bm":0},{"ty":"gr","it":[{"ind":0,"ty":"sh","ks":{"a":0,"k":{"i":[[-46.62,-28.97],[31.93,-55.28],[-0.58,15.39],[-122.93,20.07]],"o":[[-187.29,-70.14],[-14.78,-8.22],[2.96,-77.94],[64.16,-10.48]],"v":[[178.51,-41.38],[-155.8,111.52],[-177.93,79.31],[1.96,-75.35]],"c":true}}},{"ty":"st","c":{"a":0,"k":[0,0,0.447000002394,1]},"o":{"a":0,"k":100},"w":{"a":0,"k":2},"lc":1,"lj":1,"ml":10,"bm":0},{"ty":"tr","p":{"a":0,"k":[2774.57,821.39]},"a":{"a":0,"k":[0,0]},"s":{"a":0,"k":[100,100]},"r":{"a":0,"k":0},"o":{"a":0,"k":100},"sk":{"a":0,"k":0},"sa":{"a":0,"k":0}}],"bm":0},{"ty":"gr","it":[{"ind":0,"ty":"sh","ks":{"a":0,"k":{"i":[[-46.62,-28.97],[31.93,-55.28],[-0.58,15.39],[-122.93,20.07]],"o":[[-187.29,-70.14],[-14.78,-8.22],[2.96,-77.94],[64.16,-10.48]],"v":[[178.24,-57.83],[-156.08,95.08],[-178.2,62.86],[1.69,-91.8]],"c":true}}},{"ty":"fl","c":{"a":0,"k":[1,1,1,1]},"o":{"a":0,"k":100},"r":1,"bm":0},{"ty":"tr","p":{"a":0,"k":[2774.85,837.83]},"a":{"a":0,"k":[0,0]},"s":{"a":0,"k":[100,100]},"r":{"a":0,"k":0},"o":{"a":0,"k":100},"sk":{"a":0,"k":0},"sa":{"a":0,"k":0}}],"bm":0},{"ty":"gr","it":[{"ind":0,"ty":"sh","ks":{"a":0,"k":{"i":[[54.77,-55.41],[31.34,32.31],[9.68,13.37],[34.15,31.5],[29.99,16.62],[-0.58,15.39],[-122.93,20.07],[-46.62,-28.97],[-3.88,-2.82],[-1.15,-0.92],[-1.11,-0.92],[-1.11,-0.92],[-0.25,-0.18],[-1.55,-1.41],[-0.25,-0.25],[-0.97,-0.95],[-5.59,-11.02]],"o":[[-31.66,32.04],[-8.57,-8.81],[-15.03,-20.68],[-71.61,-66.12],[-14.78,-8.22],[2.96,-77.94],[64.16,-10.48],[4.24,2.57],[1.19,0.88],[1.15,0.88],[1.11,0.88],[0.22,0.21],[1.62,1.41],[0.29,0.25],[1.01,0.96],[9.83,9.69],[64.43,127.04]],"v":[[138.94,168.28],[38.88,187.15],[12.85,153.83],[-55.9,75.51],[-215.55,-22.1],[-237.68,-54.32],[-57.78,-208.98],[118.76,-175.01],[130.93,-166.87],[134.45,-164.22],[137.87,-161.54],[141.21,-158.82],[141.93,-158.22],[146.68,-153.98],[147.51,-153.2],[150.5,-150.34],[173.83,-119.13]],"c":true}}},{"ty":"fl","c":{"a":0,"k":[0.380000005984,0.328999986836,0.477999997606,1]},"o":{"a":0,"k":100},"r":1,"bm":0},{"ty":"tr","p":{"a":0,"k":[2834.32,955.01]},"a":{"a":0,"k":[0,0]},"s":{"a":0,"k":[100,100]},"r":{"a":0,"k":0},"o":{"a":0,"k":100},"sk":{"a":0,"k":0},"sa":{"a":0,"k":0}}],"bm":0},{"ty":"gr","it":[{"ind":0,"ty":"sh","ks":{"a":0,"k":{"i":[[-4.09,0],[-11.77,-10.41],[96.31,145.72],[65.33,-23.83],[4.57,-12.11],[5.5,-2.01],[9.18,-49.15],[-7.94,-17.54],[0.59,-3.85],[-39.17,-32.16],[-35.14,0.58]],"o":[[19.46,0],[41.13,-50.4],[-20.04,-30.33],[-22.36,8.16],[-2.07,5.48],[-1.27,0.5],[-5.64,30.22],[1.61,3.55],[-0.08,0.55],[38.63,31.72],[4.3,-0.07]],"v":[[27,182],[75.03,193.97],[96.74,-127.14],[-56.19,-182.77],[-99.88,-129.26],[-111.83,-117.42],[-157.09,-53.66],[-135.4,46.24],[-133.83,57.58],[-103.15,151.72],[14.39,182.14]],"c":true}}},{"ind":1,"ty":"sh","ks":{"a":0,"k":{"i":[[4.97,0],[2.95,1.56],[-1.24,8.45],[0.07,0.99],[11.56,-0.2],[50.05,41.09],[-1.75,20.31],[-7.9,42.34],[-16.62,8.98],[-35.69,13.02],[-26.81,-40.55],[27.78,-65.88],[1.97,-1.83]],"o":[[-3.19,0],[-7.55,-3.97],[0.4,-2.73],[-5.46,-1.98],[-37.3,0.61],[-48.66,-39.95],[-7.83,-18.44],[10.45,-55.91],[7.73,-17.28],[87.21,-31.83],[74.23,112.32],[-29.7,70.43],[-3.81,3.53]],"v":[[67.21,252.4],[57.84,250.09],[47.3,229.36],[47.63,223.9],[15.05,222.37],[-128.68,182.82],[-174.3,57.7],[-196.65,-61.04],[-134.35,-151.14],[-69.98,-220.57],[130.31,-149.33],[159.24,130.99],[80.89,247.03]],"c":true}}},{"ty":"mm","mm":1},{"ty":"fl","c":{"a":0,"k":[0,0,0.447000002394,1]},"o":{"a":0,"k":100},"r":1,"bm":0},{"ty":"tr","p":{"a":0,"k":[2779.28,2599.05]},"a":{"a":0,"k":[0,0]},"s":{"a":0,"k":[100,100]},"r":{"a":0,"k":0},"o":{"a":0,"k":100},"sk":{"a":0,"k":0},"sa":{"a":0,"k":0}}],"bm":0},{"ty":"gr","it":[{"ind":0,"ty":"sh","ks":{"a":0,"k":{"i":[[-27.72,54.02],[0,0],[86.01,70.62],[5.83,13.08],[0,0],[-8.1,43.21],[-12.42,12.17],[0,0],[-16.6,-36.82],[-12.78,-10.51],[9.36,-63.93]],"o":[[-14.23,108.95],[9.4,-63.88],[-12.78,-10.51],[-16.55,-36.87],[0,0],[5.38,-29.07],[5.38,37.57],[0,0],[5.78,13.08],[86.01,70.62],[0,0]],"v":[[169.58,-7.67],[75.82,175.02],[-107.32,110.03],[-134.59,73.76],[-145.15,-2.74],[-168.24,-114.61],[-137.3,-175.02],[-114.36,-98.72],[-103.8,-22.26],[-76.54,14.06],[106.6,79.05]],"c":true}}},{"ty":"fl","c":{"a":0,"k":[0,0,0.447000002394,1]},"o":{"a":0,"k":100},"r":1,"bm":0},{"ty":"tr","p":{"a":0,"k":[2770.67,2656.32]},"a":{"a":0,"k":[0,0]},"s":{"a":0,"k":[100,100]},"r":{"a":0,"k":0},"o":{"a":0,"k":100},"sk":{"a":0,"k":0},"sa":{"a":0,"k":0}}],"bm":0},{"ty":"gr","it":[{"ind":0,"ty":"sh","ks":{"a":0,"k":{"i":[[7.39,-31.74],[3.82,20.57],[0,0],[24.95,37.78],[75.6,-27.56],[19.47,-7.09],[-31.89,11.67],[-24.5,-37.02],[-6.39,-34.4],[0,0]],"o":[[1.01,-18.91],[0,0],[-6.39,-34.4],[-24.49,-36.97],[-10.91,3.97],[4.02,-9.71],[75.6,-27.56],[24.95,37.78],[0,0],[6.99,37.93]],"v":[[133.61,142.43],[129.74,83.08],[129.74,83.03],[84.31,-25.72],[-92.34,-89.15],[-140.53,-71.64],[-85.75,-134.87],[90.9,-71.44],[136.32,37.26],[136.32,37.31]],"c":true}}},{"ty":"fl","c":{"a":0,"k":[1,1,1,1]},"o":{"a":0,"k":100},"r":1,"bm":0},{"ty":"tr","p":{"a":0,"k":[2801.91,2532.27]},"a":{"a":0,"k":[0,0]},"s":{"a":0,"k":[100,100]},"r":{"a":0,"k":0},"o":{"a":0,"k":100},"sk":{"a":0,"k":0},"sa":{"a":0,"k":0}}],"bm":0},{"ty":"gr","it":[{"ind":0,"ty":"sh","ks":{"a":0,"k":{"i":[[-6.38,-34.41],[0,0],[0,0],[86.03,70.64],[5.81,13.07],[0,0],[-8.08,43.22],[0,0],[-36.19,13.24],[-24.5,-37]],"o":[[0,0],[27.85,150.79],[9.37,-63.89],[-12.78,-10.49],[-16.57,-36.84],[0,0],[11.56,-62.03],[0,0],[75.59,-27.56],[24.96,37.76]],"v":[[158.02,-33.86],[158.03,-33.81],[66.28,227.93],[-116.87,162.94],[-144.13,126.66],[-154.68,50.18],[-177.81,-61.69],[-119.65,-140.69],[-64.05,-206.02],[112.61,-142.58]],"c":true}}},{"ty":"fl","c":{"a":0,"k":[0.380000005984,0.328999986836,0.477999997606,1]},"o":{"a":0,"k":100},"r":1,"bm":0},{"ty":"tr","p":{"a":0,"k":[2780.22,2603.41]},"a":{"a":0,"k":[0,0]},"s":{"a":0,"k":[100,100]},"r":{"a":0,"k":0},"o":{"a":0,"k":100},"sk":{"a":0,"k":0},"sa":{"a":0,"k":0}}],"bm":0},{"ty":"gr","it":[{"ind":0,"ty":"sh","ks":{"a":0,"k":{"i":[[21.87,48.21],[-8.03,108.47],[-19.5,-138.94]],"o":[[-48.98,-107.97],[8.04,-108.47],[51.9,369.76]],"v":[[19.77,222.76],[-56.83,-177.97],[33.61,-114.31]],"c":true}}},{"ty":"fl","c":{"a":0,"k":[1,1,1,1]},"o":{"a":0,"k":100},"r":1,"bm":0},{"ty":"tr","p":{"a":0,"k":[1545.66,2841.13]},"a":{"a":0,"k":[0,0]},"s":{"a":0,"k":[100,100]},"r":{"a":0,"k":0},"o":{"a":0,"k":100},"sk":{"a":0,"k":0},"sa":{"a":0,"k":0}}],"bm":0},{"ty":"gr","it":[{"ind":0,"ty":"sh","ks":{"a":0,"k":{"i":[[-24.79,0],[-3.01,0.7],[38.55,0],[0,54.35],[-54.3,0],[-16.08,-32.29],[3.2,0],[0,-24.74]],"o":[[3.2,0],[-16.12,32.34],[-54.3,0],[0,-54.3],[38.55,0],[-3.01,-0.69],[-24.79,0],[0,24.79]],"v":[[83.82,44.87],[93.18,43.85],[5.19,98.34],[-93.17,-0.02],[5.19,-98.34],[93.18,-43.85],[83.82,-44.87],[38.97,-0.02]],"c":true}}},{"ty":"fl","c":{"a":0,"k":[1,1,1,1]},"o":{"a":0,"k":100},"r":1,"bm":0},{"ty":"tr","p":{"a":0,"k":[2103.49,2842.78]},"a":{"a":0,"k":[0,0]},"s":{"a":0,"k":[100,100]},"r":{"a":0,"k":0},"o":{"a":0,"k":100},"sk":{"a":0,"k":0},"sa":{"a":0,"k":0}}],"bm":0},{"ty":"gr","it":[{"ind":0,"ty":"sh","ks":{"a":0,"k":{"i":[[0,0],[0,0],[0,0],[4.41,5.12],[6.75,0],[0,0],[4.41,-5.11],[-0.99,-6.68]],"o":[[0,0],[0,0],[0.99,-6.68],[-4.41,-5.11],[0,0],[-6.75,0],[-4.41,5.12],[0,0]],"v":[[-628.21,414.91],[628.21,414.91],[747.31,-388.69],[742.01,-406.98],[724.7,-414.91],[-724.7,-414.91],[-742.01,-406.98],[-747.31,-388.69]],"c":true}}},{"ind":1,"ty":"sh","ks":{"a":0,"k":{"i":[[0,0],[0,0],[0,0],[-12,13.91],[-18.37,0],[0,0],[-12,-13.91],[2.69,-18.17]],"o":[[0,0],[0,0],[-2.69,-18.17],[12,-13.91],[0,0],[18.37,0],[12,13.91],[0,0]],"v":[[662.93,455.15],[-662.92,455.15],[-787.12,-382.79],[-772.47,-433.26],[-724.7,-455.15],[724.7,-455.15],[772.48,-433.26],[787.12,-382.79]],"c":true}}},{"ty":"mm","mm":1},{"ty":"fl","c":{"a":0,"k":[0,0,0.447000002394,1]},"o":{"a":0,"k":100},"r":1,"bm":0},{"ty":"tr","p":{"a":0,"k":[2113.78,2825.07]},"a":{"a":0,"k":[0,0]},"s":{"a":0,"k":[100,100]},"r":{"a":0,"k":0},"o":{"a":0,"k":100},"sk":{"a":0,"k":0},"sa":{"a":0,"k":0}}],"bm":0},{"ty":"gr","it":[{"ind":0,"ty":"sh","ks":{"a":0,"k":{"i":[[3.85,-25.99],[0,0],[0,0],[0,0],[-312.53,209.45],[38.6,141.38],[0,0]],"o":[[0,0],[0,0],[0,0],[119.58,-4.73],[248.97,-166.85],[0,0],[26.27,0]],"v":[[708.35,-385.72],[586.73,435.01],[-704.42,435.01],[-708.82,405.32],[286.54,192.47],[518.2,-435.02],[665.82,-435.02]],"c":true}}},{"ty":"fl","c":{"a":0,"k":[0,0,0.447000002394,1]},"o":{"a":0,"k":100},"r":1,"bm":0},{"ty":"tr","p":{"a":0,"k":[2172.64,2825.06]},"a":{"a":0,"k":[0,0]},"s":{"a":0,"k":[100,100]},"r":{"a":0,"k":0},"o":{"a":0,"k":100},"sk":{"a":0,"k":0},"sa":{"a":0,"k":0}}],"bm":0},{"ty":"gr","it":[{"ind":0,"ty":"sh","ks":{"a":0,"k":{"i":[[0,0],[-26.22,0],[0,0],[0,0],[26.27,0],[0,0],[-3.85,-25.99],[0,0],[0,0],[0,0]],"o":[[-3.85,-25.99],[0,0],[0,0],[3.85,-25.99],[0,0],[-26.22,0],[0,0],[0,0],[0,0],[0,0]],"v":[[-722.22,-335.72],[-679.68,-385.02],[767.12,-385.02],[767.22,-385.72],[724.69,-435.02],[-724.68,-435.02],[-767.22,-385.72],[-649.95,405.31],[-645.55,435.01],[-607.96,435.01]],"c":true}}},{"ty":"fl","c":{"a":0,"k":[1,1,1,1]},"o":{"a":0,"k":100},"r":1,"bm":0},{"ty":"tr","p":{"a":0,"k":[2113.77,2825.06]},"a":{"a":0,"k":[0,0]},"s":{"a":0,"k":[100,100]},"r":{"a":0,"k":0},"o":{"a":0,"k":100},"sk":{"a":0,"k":0},"sa":{"a":0,"k":0}}],"bm":0},{"ty":"gr","it":[{"ind":0,"ty":"sh","ks":{"a":0,"k":{"i":[[3.85,-25.99],[0,0],[0,0],[0,0],[0,0],[-26.22,0],[0,0]],"o":[[0,0],[0,0],[0,0],[0,0],[-3.84,-25.99],[0,0],[26.27,0]],"v":[[767.22,-385.72],[645.6,435.02],[-645.55,435.02],[-649.95,405.32],[-767.22,-385.72],[-724.69,-435.02],[724.69,-435.02]],"c":true}}},{"ty":"fl","c":{"a":0,"k":[0.231000010173,0.698000021542,0.929000016755,1]},"o":{"a":0,"k":100},"r":1,"bm":0},{"ty":"fl","c":{"a":0,"k":[1,0.4,0.675,1]},"o":{"a":0,"k":100},"r":1,"bm":0},{"ty":"tr","p":{"a":0,"k":[2113.77,2825.06]},"a":{"a":0,"k":[0,0]},"s":{"a":0,"k":[100,100]},"r":{"a":0,"k":0},"o":{"a":0,"k":100},"sk":{"a":0,"k":0},"sa":{"a":0,"k":0}}],"bm":0},{"ty":"gr","it":[{"ind":0,"ty":"sh","ks":{"a":0,"k":{"i":[[0,0],[0,-12.06],[-29.1,0],[0,0],[0,29.1],[12.07,0]],"o":[[-12.06,0],[0,29.1],[0,0],[29.1,0],[0,-12.06],[0,0]],"v":[[-652.62,-37.33],[-674.5,-15.45],[-621.72,37.33],[621.72,37.33],[674.5,-15.45],[652.62,-37.33]],"c":true}}},{"ind":1,"ty":"sh","ks":{"a":0,"k":{"i":[[51.29,0],[0,0],[0,51.29],[-34.25,0],[0,0],[0,-34.26]],"o":[[0,0],[-51.29,0],[0,-34.26],[0,0],[34.25,0],[0,51.29]],"v":[[621.72,77.57],[-621.72,77.57],[-714.75,-15.45],[-652.62,-77.57],[652.62,-77.57],[714.75,-15.45]],"c":true}}},{"ty":"mm","mm":1},{"ty":"fl","c":{"a":0,"k":[0,0,0.447000002394,1]},"o":{"a":0,"k":100},"r":1,"bm":0},{"ty":"tr","p":{"a":0,"k":[2113.78,3317.55]},"a":{"a":0,"k":[0,0]},"s":{"a":0,"k":[100,100]},"r":{"a":0,"k":0},"o":{"a":0,"k":100},"sk":{"a":0,"k":0},"sa":{"a":0,"k":0}}],"bm":0},{"ty":"gr","it":[{"ind":0,"ty":"sh","ks":{"a":0,"k":{"i":[[0,-7.74],[13.21,-13.16],[20.11,0],[0,0],[0,40.26],[-3.71,6.26],[-30.16,0],[0,0],[-13.16,13.21],[-3.66,8.66]],"o":[[0,20.11],[-13.16,13.2],[0,0],[-40.26,0],[0,-7.74],[11.03,26.09],[0,0],[20.11,0],[6.58,-6.58],[3.71,6.26]],"v":[[694.62,-25.81],[673.26,25.72],[621.74,47.07],[-621.69,47.07],[-694.62,-25.81],[-688.83,-47.07],[-621.69,-2.64],[621.74,-2.64],[673.26,-24],[688.83,-47.07]],"c":true}}},{"ty":"fl","c":{"a":0,"k":[0,0,0.447000002394,1]},"o":{"a":0,"k":100},"r":1,"bm":0},{"ty":"tr","p":{"a":0,"k":[2113.77,3327.91]},"a":{"a":0,"k":[0,0]},"s":{"a":0,"k":[100,100]},"r":{"a":0,"k":0},"o":{"a":0,"k":100},"sk":{"a":0,"k":0},"sa":{"a":0,"k":0}}],"bm":0},{"ty":"gr","it":[{"ind":0,"ty":"sh","ks":{"a":0,"k":{"i":[[0,-23.21],[2.36,-7.18],[17.1,0],[0,0],[7.6,-7.64],[2.09,-4.73],[0,7.97],[-7.64,7.6],[-11.58,0],[0,0]],"o":[[0,7.97],[-6.53,-14.69],[0,0],[-11.58,0],[-3.61,3.61],[-2.36,-7.18],[0,-11.58],[7.6,-7.64],[0,0],[23.21,0]],"v":[[694.62,9.61],[690.96,32.41],[652.64,7.53],[-652.59,7.53],[-682.29,19.85],[-690.96,32.41],[-694.62,9.61],[-682.29,-20.08],[-652.59,-32.41],[652.64,-32.41]],"c":true}}},{"ty":"fl","c":{"a":0,"k":[1,1,1,1]},"o":{"a":0,"k":100},"r":1,"bm":0},{"ty":"tr","p":{"a":0,"k":[2113.77,3292.49]},"a":{"a":0,"k":[0,0]},"s":{"a":0,"k":[100,100]},"r":{"a":0,"k":0},"o":{"a":0,"k":100},"sk":{"a":0,"k":0},"sa":{"a":0,"k":0}}],"bm":0},{"ty":"gr","it":[{"ind":0,"ty":"sh","ks":{"a":0,"k":{"i":[[40.26,0],[0,0],[0,40.26],[-23.2,0],[0,0],[0,-23.2]],"o":[[0,0],[-40.26,0],[0,-23.2],[0,0],[23.2,0],[0,40.26]],"v":[[621.73,57.45],[-621.72,57.45],[-694.62,-15.45],[-652.62,-57.45],[652.63,-57.45],[694.63,-15.45]],"c":true}}},{"ty":"fl","c":{"a":0,"k":[0.231000010173,0.698000021542,0.929000016755,1]},"o":{"a":0,"k":100},"r":1,"bm":0},{"ty":"tr","p":{"a":0,"k":[2113.78,3317.55]},"a":{"a":0,"k":[0,0]},"s":{"a":0,"k":[100,100]},"r":{"a":0,"k":0},"o":{"a":0,"k":100},"sk":{"a":0,"k":0},"sa":{"a":0,"k":0}}],"bm":0},{"ty":"gr","it":[{"ind":0,"ty":"sh","ks":{"a":0,"k":{"i":[[-1.11,-0.7],[-22.76,-18.45],[0,0],[0,0],[-10.65,-10.05],[-35.59,-46.82],[-28.73,-52.33],[-10.13,-28.73],[-1.12,-31.97],[11.08,-0.39],[0,0],[0,0],[51.43,-0.68],[51.42,-0.03],[1.57,10.91],[3.53,26.77],[0,0],[0,0],[1.41,27.07],[-3.42,27.88],[-1.76,-0.21],[-0.47,-0.94],[-6.65,-26.33],[-4.54,-26.64],[0,0],[0,0],[-3.93,-26.74],[0,0],[-51.42,-0.56],[-51.43,-0.37],[0,0],[9.1,25.95],[13.57,24.68],[36,44.43],[18.84,21.62],[18.76,21.85],[37.07,45.25],[0,0],[-1.33,1.09]],"o":[[24.94,15.8],[0,0],[0,0],[11.08,9.59],[42.78,40.07],[35.83,46.61],[14.36,26.14],[10.09,28.69],[0.39,11.08],[0,0],[0,0],[-51.43,0.37],[-51.42,0.56],[-11.34,0.02],[-3.83,-26.71],[0,0],[0,0],[-3.4,-26.78],[-1.49,-27.07],[0.21,-1.76],[1.12,0.13],[12.19,25.42],[6.68,26.33],[0,0],[0,0],[4.31,26.68],[0,0],[51.42,0.03],[51.43,0.68],[0,0],[-0.45,-26.14],[-9.16,-26],[-27.23,-49.38],[-18.1,-22.16],[-18.92,-21.55],[-37.63,-43.61],[0,0],[-1.09,-1.33],[1.07,-0.87]],"v":[[-201.82,-292.1],[-130.82,-240.1],[-113.89,-226.1],[-97.33,-211.68],[-64.97,-181.98],[51.76,-50.48],[150.79,96.53],[188.13,178.66],[206.61,269.74],[187.26,290.5],[186.79,290.51],[186.36,290.52],[32.08,291.57],[-122.19,292.78],[-144.48,273.49],[-155.78,193.3],[-161.24,153.17],[-166.34,112.99],[-174.94,32.42],[-173.31,-49.74],[-169.75,-52.55],[-167.23,-50.75],[-140.54,27.19],[-125.11,106.87],[-118.35,146.84],[-112,186.87],[-99.9,267.02],[-122.19,247.73],[32.08,248.94],[186.36,250],[166.11,270.77],[150.16,191.97],[115.5,115.87],[19.41,-24.89],[-36.49,-90.16],[-92.99,-155.24],[-205.88,-287.46],[-205.91,-287.49],[-205.47,-291.88]],"c":true}}},{"ty":"fl","c":{"a":0,"k":[0,0,0.447000002394,1]},"o":{"a":0,"k":100},"r":1,"bm":0},{"ty":"tr","p":{"a":0,"k":[2755.27,2325.24]},"a":{"a":0,"k":[0,0]},"s":{"a":0,"k":[100,100]},"r":{"a":0,"k":0},"o":{"a":0,"k":100},"sk":{"a":0,"k":0},"sa":{"a":0,"k":0}}],"bm":0},{"ty":"gr","it":[{"ind":0,"ty":"sh","ks":{"a":0,"k":{"i":[[-46.07,-109.2],[0,0],[4.43,76.61],[5.63,33.75],[-42.91,-45.82]],"o":[[0,0],[0,0],[-3.67,-63.43],[0,0],[82.09,87.52]],"v":[[126.55,165.78],[-79.43,165.78],[-86.52,17.99],[-122.49,-134.71],[-98.29,-148.45]],"c":true}}},{"ty":"fl","c":{"a":0,"k":[0,0,0.447000002394,1]},"o":{"a":0,"k":100},"r":1,"bm":0},{"ty":"tr","p":{"a":0,"k":[2712.49,2429.71]},"a":{"a":0,"k":[0,0]},"s":{"a":0,"k":[100,100]},"r":{"a":0,"k":0},"o":{"a":0,"k":100},"sk":{"a":0,"k":0},"sa":{"a":0,"k":0}}],"bm":0},{"ty":"gr","it":[{"ind":0,"ty":"sh","ks":{"a":0,"k":{"i":[[-3.37,-133.35],[0,0],[4.43,76.61],[5.63,33.75],[30.93,42.86],[0.65,1.06],[2.77,20.12],[0.25,2.11],[-10.71,12.02],[0,0],[-73.03,-77.46],[-1.71,-1.81]],"o":[[0,0],[0,0],[-3.67,-63.43],[0,0],[-0.75,-1.01],[-8.85,-13.13],[-0.3,-2.16],[-7.7,-74.39],[1.71,-1.91],[0,0],[1.76,1.76],[110.86,118.21]],"v":[[221.25,280],[-87.3,280],[-94.39,132.21],[-108.57,-32.07],[-192.27,-82.42],[-194.38,-85.54],[-212.74,-135.03],[-213.55,-141.47],[-171.65,-277.13],[-168.93,-280],[-35.69,-149.92],[-30.56,-144.54]],"c":true}}},{"ty":"fl","c":{"a":0,"k":[0.380000005984,0.328999986836,0.477999997606,1]},"o":{"a":0,"k":100},"r":1,"bm":0},{"ty":"tr","p":{"a":0,"k":[2720.36,2315.48]},"a":{"a":0,"k":[0,0]},"s":{"a":0,"k":[100,100]},"r":{"a":0,"k":0},"o":{"a":0,"k":100},"sk":{"a":0,"k":0},"sa":{"a":0,"k":0}}],"bm":0},{"ty":"gr","it":[{"ind":0,"ty":"sh","ks":{"a":0,"k":{"i":[[-3.37,-133.35],[0,0],[4.43,76.61],[5.63,33.75],[30.93,42.86],[2.97,21.73],[-11.02,12.37],[0,0],[-75.35,-80.38]],"o":[[0,0],[0,0],[-3.67,-63.43],[0,0],[-9.86,-13.63],[-10.76,-77.97],[1.71,-1.91],[0,0],[110.86,118.21]],"v":[[222.38,280],[-86.16,280],[-93.26,132.21],[-107.44,-32.07],[-191.14,-82.42],[-211.61,-135.03],[-170.52,-277.13],[-167.8,-280],[-29.43,-144.54]],"c":true}}},{"ty":"fl","c":{"a":0,"k":[0.40800000359,0.404000016755,0.475,1]},"o":{"a":0,"k":100},"r":1,"bm":0},{"ty":"tr","p":{"a":0,"k":[2719.23,2315.48]},"a":{"a":0,"k":[0,0]},"s":{"a":0,"k":[100,100]},"r":{"a":0,"k":0},"o":{"a":0,"k":100},"sk":{"a":0,"k":0},"sa":{"a":0,"k":0}}],"bm":0},{"ty":"gr","it":[{"ind":0,"ty":"sh","ks":{"a":0,"k":{"i":[[-41.5,-32.17],[0,0],[0.5,-3.15],[76.32,55.6],[5.95,13.04],[0,0],[-18.27,80.42],[0,0],[-41,14.57]],"o":[[0,0],[-0.13,3.24],[-26.02,-18.39],[-13.97,-10.16],[-32.68,-71.5],[0,0],[14.4,-63.17],[0,0],[54.29,-19.26]],"v":[[141.72,-178.31],[124.45,215.8],[123.46,225.35],[-73.4,189.57],[-102.72,153.86],[-116.38,33.63],[-136.82,-103.98],[-63.72,-166.84],[-11.65,-219]],"c":true}}},{"ty":"fl","c":{"a":0,"k":[0,0,0.447000002394,1]},"o":{"a":0,"k":100},"r":1,"bm":0},{"ty":"tr","p":{"a":0,"k":[2724.29,2629.55]},"a":{"a":0,"k":[0,0]},"s":{"a":0,"k":[100,100]},"r":{"a":0,"k":0},"o":{"a":0,"k":100},"sk":{"a":0,"k":0},"sa":{"a":0,"k":0}}],"bm":0},{"ty":"gr","it":[{"ind":0,"ty":"sh","ks":{"a":0,"k":{"i":[[-17.3,43.94],[0,0],[59.86,85.34],[1.96,13.25],[-57.01,0.62]],"o":[[-12.76,143.02],[24.5,-55.28],[-8.89,-12.67],[22.1,31.22],[131.77,-1.38]],"v":[[156.45,-106.53],[7.92,106.54],[-140.98,1.89],[-156.46,-37.69],[-41.67,15.28]],"c":true}}},{"ty":"fl","c":{"a":0,"k":[0,0,0.447000002394,1]},"o":{"a":0,"k":100},"r":1,"bm":0},{"ty":"tr","p":{"a":0,"k":[2745.98,2532.3]},"a":{"a":0,"k":[0,0]},"s":{"a":0,"k":[100,100]},"r":{"a":0,"k":0},"o":{"a":0,"k":100},"sk":{"a":0,"k":0},"sa":{"a":0,"k":0}}],"bm":0},{"ty":"gr","it":[{"ind":0,"ty":"sh","ks":{"a":0,"k":{"i":[[0,0],[45.76,-30.29],[0,0],[58.17,63.91],[22.77,162.19],[-44.29,-52.34],[-57.32,-22.95],[-17.39,8.94],[-9.83,-4.65],[-21.57,3.1],[-3.5,18.03],[-16.32,1],[-15.58,7.49]],"o":[[0,0],[-60.57,40.07],[0,0],[-112.69,-123.94],[28.55,42.92],[57.1,67.51],[26.76,10.72],[9.67,-4.97],[15.72,7.43],[27.42,-3.93],[3.12,-16.05],[15.26,-0.93],[-16.99,24.59]],"v":[[253.16,98.09],[221.23,191.92],[106.09,195.79],[-32.35,193.57],[-299.01,-222.56],[-177.91,-57.25],[9.36,146.16],[83.03,137.05],[113.95,136.31],[176.13,149.9],[217.2,107.6],[249.83,78.58],[299.01,67.27]],"c":true}}},{"ty":"fl","c":{"a":0,"k":[0,0,0.447000002394,1]},"o":{"a":0,"k":100},"r":1,"bm":0},{"ty":"tr","p":{"a":0,"k":[1887.11,2824.26]},"a":{"a":0,"k":[0,0]},"s":{"a":0,"k":[100,100]},"r":{"a":0,"k":0},"o":{"a":0,"k":100},"sk":{"a":0,"k":0},"sa":{"a":0,"k":0}}],"bm":0},{"ty":"gr","it":[{"ind":0,"ty":"sh","ks":{"a":0,"k":{"i":[[3.65,-26.4],[81.36,0],[0,0],[36.46,263.8],[-6.88,29.82],[-108.7,11.38],[-56.72,24.65],[-13.88,0.08],[-121.33,-8.98],[0,0],[-17.8,-0.12],[-48.44,-21.03],[-45.98,-7.82],[-38.25,228.85]],"o":[[-36.46,263.8],[0,0],[-81.36,0],[-3.65,-26.4],[42.02,251.09],[72.96,-7.63],[48.44,-21.03],[17.8,-0.12],[0,0],[121.33,-8.98],[13.88,0.08],[47.7,20.72],[123.87,21.07],[6.92,29.86]],"v":[[1081.69,-87.16],[732.45,176.64],[-732.42,176.64],[-1081.71,-87.16],[-1079.76,-176.6],[-795.14,101.54],[-630.18,48.71],[-547.26,7.78],[-343.99,74.48],[374.84,74.48],[578.12,7.78],[661.03,48.71],[797.99,92.7],[1079.75,-176.64]],"c":true}}},{"ty":"fl","c":{"a":0,"k":[0,0,0.447000002394,1]},"o":{"a":0,"k":100},"r":1,"bm":0},{"ty":"tr","p":{"a":0,"k":[2111.75,3197.22]},"a":{"a":0,"k":[0,0]},"s":{"a":0,"k":[100,100]},"r":{"a":0,"k":0},"o":{"a":0,"k":100},"sk":{"a":0,"k":0},"sa":{"a":0,"k":0}}],"bm":0},{"ty":"gr","it":[{"ind":0,"ty":"sh","ks":{"a":0,"k":{"i":[[81.7,0],[0,0],[38.88,281.14],[-35.64,44.43],[-17.09,2.03],[-29.36,8.72],[-16.55,-12.09],[-30.58,-6.36],[-13.2,-123.53],[11.05,-1.18],[1.18,11.05],[53.83,11.22],[0.25,-0.19],[6.81,8.37],[42.78,-12.69],[4.33,-8.91],[8.87,1.65],[17.83,-22.22],[-3.43,-24.83],[-80.76,0],[0,0],[-34.07,246.41],[27.17,33.88],[0.81,-0.08],[3.76,8],[19.76,5.86],[0.89,-1.03],[8.65,6.61],[29.3,-6.12],[11.22,-105.01],[11.12,1.15],[-1.18,11.05],[-72.06,15.02],[-15.58,-7.96],[-46.04,-13.66],[-9.36,-15.08],[-19.49,-24.29],[5.15,-37.26]],"o":[[0,0],[-81.7,0],[-5.15,-37.26],[19.48,-24.29],[9.37,-15.08],[46.04,-13.66],[15.59,-7.96],[72.06,15.02],[1.18,11.05],[-11.09,1.15],[-11.23,-105.01],[-29.25,-6.09],[-8.64,6.44],[-0.71,-0.82],[-19.76,5.86],[-3.96,8.15],[-0.39,0],[-27.18,33.88],[34.07,246.41],[0,0],[80.76,0],[3.43,-24.83],[-17.84,-22.24],[-8.77,1.23],[-4.3,-8.85],[-42.81,-12.71],[-6.87,8.44],[-0.15,-0.11],[-53.83,11.22],[-1.18,11.05],[-11.05,-1.18],[13.2,-123.53],[30.6,-6.38],[16.55,-12.09],[29.37,8.72],[17.1,2.03],[35.64,44.42],[-38.87,281.14]],"v":[[732.43,264.99],[-732.43,264.99],[-1101.63,-16.14],[-1074.47,-166.97],[-1014.41,-202.2],[-956.17,-251.33],[-861.83,-237.95],[-789,-249.06],[-654.84,-31.04],[-672.71,-8.9],[-694.85,-26.77],[-797.22,-209.66],[-851.97,-197.11],[-879.71,-200.46],[-944.73,-212.75],[-984.37,-173.58],[-1005.31,-162.39],[-1043.08,-141.79],[-1061.77,-21.66],[-732.43,224.75],[732.43,224.75],[1061.77,-21.66],[1043.09,-141.79],[1004.9,-162.33],[984.34,-173.64],[944.73,-212.75],[879.53,-200.24],[851.87,-197.18],[797.22,-209.66],[694.86,-26.77],[672.72,-8.9],[654.85,-31.04],[789.01,-249.06],[861.84,-237.95],[956.18,-251.33],[1014.41,-202.2],[1074.47,-166.97],[1101.64,-16.14]],"c":true}}},{"ty":"fl","c":{"a":0,"k":[0,0,0.447000002394,1]},"o":{"a":0,"k":100},"r":1,"bm":0},{"ty":"tr","p":{"a":0,"k":[2111.75,3128.98]},"a":{"a":0,"k":[0,0]},"s":{"a":0,"k":[100,100]},"r":{"a":0,"k":0},"o":{"a":0,"k":100},"sk":{"a":0,"k":0},"sa":{"a":0,"k":0}}],"bm":0},{"ty":"gr","it":[{"ind":0,"ty":"sh","ks":{"a":0,"k":{"i":[[28.59,35.64],[0,0],[32.98,9.79],[0,0],[39.18,-8.16],[16.6,-87.87],[-47.92,9.99],[0,0],[-57.17,-16.96],[0,0],[-25.85,-32.23],[5.75,-41.54],[1.25,-6.7],[-3.1,22.46]],"o":[[-25.85,-32.22],[0,0],[-57.17,-16.96],[0,0],[-57.39,11.96],[19.81,-65.37],[39.18,-8.16],[0,0],[32.98,9.79],[0,0],[28.59,35.64],[-0.98,7.07],[5.72,-18.8],[5.75,-41.53]],"v":[[176.08,-57.51],[119.81,-85.44],[67.76,-135.17],[-18.59,-116.28],[-89.58,-132.49],[-201.99,27.96],[-99.58,-91.33],[-28.59,-75.13],[57.76,-94.02],[109.81,-44.28],[166.08,-16.35],[189.01,119.12],[185.63,139.73],[199.01,77.97]],"c":true}}},{"ty":"fl","c":{"a":0,"k":[1,1,1,1]},"o":{"a":0,"k":100},"r":1,"bm":0},{"ty":"tr","p":{"a":0,"k":[2994.45,3032.1]},"a":{"a":0,"k":[0,0]},"s":{"a":0,"k":[100,100]},"r":{"a":0,"k":0},"o":{"a":0,"k":100},"sk":{"a":0,"k":0},"sa":{"a":0,"k":0}}],"bm":0},{"ty":"gr","it":[{"ind":0,"ty":"sh","ks":{"a":0,"k":{"i":[[-6.02,7.51],[0,0],[-32.98,9.79],[0,0],[-39.18,-8.17],[-11.67,-109.22],[0,0],[-2.52,13.13],[0,0],[65.74,13.7],[0,0],[57.17,-16.96],[0,0],[25.85,-32.22],[2.81,-24.52]],"o":[[25.85,-32.22],[0,0],[57.17,-16.97],[0,0],[65.74,13.7],[0,0],[1.53,-14.29],[0,0],[-11.67,-109.22],[-39.18,-8.16],[0,0],[-32.98,9.79],[0,0],[-14.46,18.02],[3.7,-9.15]],"v":[[-862.64,-1.05],[-806.37,-28.98],[-754.32,-78.71],[-667.97,-59.83],[-596.98,-76.03],[-478.72,124.43],[870.98,124.43],[877.06,83.27],[-468.72,83.27],[-586.98,-117.18],[-657.97,-100.98],[-744.32,-119.86],[-796.37,-70.13],[-852.64,-42.2],[-877.06,24.16]],"c":true}}},{"ty":"fl","c":{"a":0,"k":[1,1,1,1]},"o":{"a":0,"k":100},"r":1,"bm":0},{"ty":"tr","p":{"a":0,"k":[1905.62,3016.8]},"a":{"a":0,"k":[0,0]},"s":{"a":0,"k":[100,100]},"r":{"a":0,"k":0},"o":{"a":0,"k":100},"sk":{"a":0,"k":0},"sa":{"a":0,"k":0}}],"bm":0},{"ty":"gr","it":[{"ind":0,"ty":"sh","ks":{"a":0,"k":{"i":[[0,0],[-65.74,13.7],[0,0],[-57.17,-16.96],[0,0],[-25.85,-32.22],[5.74,-41.54],[81.36,0],[0,0],[0,0],[36.47,263.77],[-28.59,35.64],[0,0],[-32.98,9.79],[0,0],[-39.18,-8.16],[-11.67,-109.22]],"o":[[11.67,-109.22],[39.18,-8.16],[0,0],[32.98,9.79],[0,0],[28.59,35.64],[-36.47,263.77],[0,0],[0,0],[-81.36,0],[-5.74,-41.54],[25.85,-32.22],[0,0],[57.17,-16.96],[0,0],[65.74,13.7],[0,0]],"v":[[674.85,-26.84],[793.12,-227.29],[864.1,-211.09],[950.45,-229.97],[1002.5,-180.24],[1058.78,-152.31],[1081.7,-16.83],[732.43,246.94],[-89.99,246.94],[-732.43,246.94],[-1081.7,-16.83],[-1058.78,-152.31],[-1002.5,-180.24],[-950.45,-229.97],[-864.1,-211.09],[-793.11,-227.29],[-674.85,-26.84]],"c":false}}},{"ty":"fl","c":{"a":0,"k":[0.380000005984,0.328999986836,0.477999997606,1]},"o":{"a":0,"k":100},"r":1,"bm":0},{"ty":"tr","p":{"a":0,"k":[2111.75,3126.91]},"a":{"a":0,"k":[0,0]},"s":{"a":0,"k":[100,100]},"r":{"a":0,"k":0},"o":{"a":0,"k":100},"sk":{"a":0,"k":0},"sa":{"a":0,"k":0}}],"bm":0},{"ty":"gr","it":[{"ind":0,"ty":"sh","ks":{"a":0,"k":{"i":[[1.94,0],[0,0],[1.86,0.55],[-57.51,235.37],[-103.28,5.15],[-33.91,-96.05],[10.48,-3.7],[3.7,10.48],[78.81,-3.97],[28.42,-116.32],[-42.91,-47.93],[-8.81,-3.17],[0,0],[45.36,185.63],[85.78,4.28],[28.02,-79.39],[10.46,3.7],[-3.7,10.48],[-96.29,-4.86],[-32.47,-132.87],[1.89,-0.56]],"o":[[0,0],[-1.94,0],[-1.88,-0.56],[32.47,-132.86],[96.33,-4.79],[3.7,10.48],[-10.48,3.7],[-28.02,-79.4],[-85.77,4.28],[-20.57,84.19],[26.99,30.15],[0,0],[20.17,-7.12],[-28.42,-116.32],[-78.8,-4],[-3.71,10.48],[-10.48,-3.7],[33.9,-96.06],[103.28,5.15],[57.51,235.37],[-1.85,0.55]],"v":[[846.63,260.08],[-846.63,260.08],[-852.35,259.25],[-982.81,-34.81],[-766.03,-255.22],[-544.81,-100.24],[-557.08,-74.57],[-582.76,-86.85],[-764.03,-215.03],[-943.72,-25.26],[-910.07,173.85],[-843.36,219.84],[843.4,219.84],[943.73,-25.26],[764.03,-215.03],[582.76,-86.85],[557.1,-74.57],[544.82,-100.24],[766.03,-255.22],[982.82,-34.81],[852.35,259.25]],"c":true}}},{"ty":"fl","c":{"a":0,"k":[0,0,0.447000002394,1]},"o":{"a":0,"k":100},"r":1,"bm":0},{"ty":"tr","p":{"a":0,"k":[2127.41,3078.14]},"a":{"a":0,"k":[0,0]},"s":{"a":0,"k":[100,100]},"r":{"a":0,"k":0},"o":{"a":0,"k":100},"sk":{"a":0,"k":0},"sa":{"a":0,"k":0}}],"bm":0},{"ty":"gr","it":[{"ind":0,"ty":"sh","ks":{"a":0,"k":{"i":[[0,0],[69.99,-286.42],[0,0],[0,0],[53.63,219.48],[62.21,-176.26]],"o":[[-62.21,-176.26],[-53.63,219.48],[0,0],[0,0],[-69.98,-286.42],[0,0]],"v":[[-563.79,-55.3],[-963.27,8.21],[-846.63,278.21],[846.63,278.21],[963.27,8.21],[563.79,-55.3]],"c":false}}},{"ty":"fl","c":{"a":0,"k":[0.380000005984,0.328999986836,0.477999997606,1]},"o":{"a":0,"k":100},"r":1,"bm":0},{"ty":"tr","p":{"a":0,"k":[2127.41,3039.89]},"a":{"a":0,"k":[0,0]},"s":{"a":0,"k":[100,100]},"r":{"a":0,"k":0},"o":{"a":0,"k":100},"sk":{"a":0,"k":0},"sa":{"a":0,"k":0}}],"bm":0},{"ty":"gr","it":[{"ind":0,"ty":"sh","ks":{"a":0,"k":{"i":[[0,0],[-17.49,112.43],[31.29,31.86],[39.96,-5.5],[16.63,-24.21]],"o":[[41.62,1.42],[8.16,-52.42],[-28.23,-28.74],[-59.78,8.21],[0,0]],"v":[[-62.32,144.6],[133.52,29.65],[97.65,-101.04],[-11.32,-138.17],[-139.66,-37.19]],"c":true}}},{"ind":1,"ty":"sh","ks":{"a":0,"k":{"i":[[81.62,0],[8.54,0.81],[2.89,6.79],[0,0],[-3.37,5.54],[-91.42,12.55],[-37.09,-37.76],[10.16,-65.3]],"o":[[-10.07,0],[-7.35,-0.69],[0,0],[-2.54,-5.97],[2.87,-4.72],[52.53,-7.21],[40.42,41.15],[-18.55,119.27]],"v":[[-49.78,185.25],[-77.84,183.98],[-94.46,171.83],[-180.91,-31.37],[-179.58,-49.69],[-16.79,-178.04],[126.36,-129.24],[173.29,35.84]],"c":true}}},{"ty":"mm","mm":1},{"ty":"fl","c":{"a":0,"k":[0,0,0.447000002394,1]},"o":{"a":0,"k":100},"r":1,"bm":0},{"ty":"tr","p":{"a":0,"k":[2914.43,2717.68]},"a":{"a":0,"k":[0,0]},"s":{"a":0,"k":[100,100]},"r":{"a":0,"k":0},"o":{"a":0,"k":100},"sk":{"a":0,"k":0},"sa":{"a":0,"k":0}}],"bm":0},{"ty":"gr","it":[{"ind":0,"ty":"sh","ks":{"a":0,"k":{"i":[[-1.34,1.47],[-0.01,0],[0,0],[0,0],[-43.94,35.22],[0,0],[-59.49,60.47]],"o":[[0.01,0],[-20.05,155.5],[0,0],[0,0],[0,0],[31.58,78.73],[1.37,-1.39]],"v":[[158.21,7.01],[158.22,7.02],[-71.76,142.66],[-158.21,-60.54],[-85.28,-143.48],[-39.52,-29.4],[154.14,11.31]],"c":true}}},{"ty":"fl","c":{"a":0,"k":[0,0,0.447000002394,1]},"o":{"a":0,"k":100},"r":1,"bm":0},{"ty":"tr","p":{"a":0,"k":[2910.25,2738.98]},"a":{"a":0,"k":[0,0]},"s":{"a":0,"k":[100,100]},"r":{"a":0,"k":0},"o":{"a":0,"k":100},"sk":{"a":0,"k":0},"sa":{"a":0,"k":0}}],"bm":0},{"ty":"gr","it":[{"ind":0,"ty":"sh","ks":{"a":0,"k":{"i":[[91.55,-12.57],[24.53,-32.36],[-39.68,5.45],[20.02,-128.67],[8.39,-14.27],[-6.02,38.7]],"o":[[-57.9,7.95],[26.4,-27.12],[91.55,-12.57],[-3.05,19.63],[23.52,-19.46],[20.02,-128.67]],"v":[[-19.22,-137.55],[-150.91,-42.57],[-49.22,-102.55],[118.24,88.3],[100.62,138.92],[148.24,53.3]],"c":true}}},{"ty":"fl","c":{"a":0,"k":[1,1,1,1]},"o":{"a":0,"k":100},"r":1,"bm":0},{"ty":"tr","p":{"a":0,"k":[2919.6,2697.12]},"a":{"a":0,"k":[0,0]},"s":{"a":0,"k":[100,100]},"r":{"a":0,"k":0},"o":{"a":0,"k":100},"sk":{"a":0,"k":0},"sa":{"a":0,"k":0}}],"bm":0},{"ty":"gr","it":[{"ind":0,"ty":"sh","ks":{"a":0,"k":{"i":[[0,0],[-82.99,11.39],[20.02,-128.67],[0,0]],"o":[[0,0],[91.55,-12.57],[-23.44,150.67],[0,0]],"v":[[-167.91,-45.61],[-19.57,-164.48],[147.89,26.37],[-81.46,157.58]],"c":true}}},{"ty":"fl","c":{"a":0,"k":[0.380000005984,0.328999986836,0.477999997606,1]},"o":{"a":0,"k":100},"r":1,"bm":0},{"ty":"tr","p":{"a":0,"k":[2919.95,2724.05]},"a":{"a":0,"k":[0,0]},"s":{"a":0,"k":[100,100]},"r":{"a":0,"k":0},"o":{"a":0,"k":100},"sk":{"a":0,"k":0},"sa":{"a":0,"k":0}}],"bm":0},{"ty":"gr","it":[{"ind":0,"ty":"sh","ks":{"a":0,"k":{"i":[[5.94,0],[0,0],[3.82,4.54],[-1.01,5.85],[-2.79,5.78],[-10.01,-4.82],[4.83,-10.01],[93.13,-506.47],[0,0],[2.72,5.64],[-10.01,4.83],[-4.82,-10.01],[-89.97,-518.27],[3.82,-4.54]],"o":[[0,0],[-5.94,0],[-3.82,-4.55],[89.98,-518.27],[4.82,-10.01],[10.01,4.83],[-2.72,5.64],[0,0],[-93.12,-506.47],[-4.83,-10.01],[10.01,-4.83],[2.79,5.78],[1.02,5.85],[-3.82,4.54]],"v":[[756.9,570.02],[-756.9,570.02],[-772.3,562.86],[-776.73,546.46],[-406.85,-555.81],[-379.99,-565.19],[-370.61,-538.33],[-732.86,529.78],[732.86,529.78],[370.62,-538.33],[380,-565.19],[406.86,-555.81],[776.73,546.46],[772.3,562.86]],"c":true}}},{"ty":"fl","c":{"a":0,"k":[0,0,0.447000002394,1]},"o":{"a":0,"k":100},"r":1,"bm":0},{"ty":"tr","p":{"a":0,"k":[2111.76,2479.6]},"a":{"a":0,"k":[0,0]},"s":{"a":0,"k":[100,100]},"r":{"a":0,"k":0},"o":{"a":0,"k":100},"sk":{"a":0,"k":0},"sa":{"a":0,"k":0}}],"bm":0},{"ty":"gr","it":[{"ind":0,"ty":"sh","ks":{"a":0,"k":{"i":[[-37.62,-112.27],[73.89,36.52],[254.37,0],[92.3,-27.31],[39.79,-23.49],[1.36,-1.36],[-5.78,16.7],[-29.78,74.19],[-2.26,5.73],[-1.86,4.58],[-0.9,2.16],[-10.11,23.64],[-2.72,6.29],[0,0],[0,0],[-29.43,-66.85],[-6.34,-14.69],[-17.15,-42.3],[-0.55,-1.46],[-0.7,-1.71],[-1.11,-2.82]],"o":[[0,0],[-98.59,-48.79],[-153.97,0],[-78.02,23.04],[-47.63,28.22],[5.68,-17.15],[31.84,-91.85],[2.31,-5.88],[1.91,-4.73],[0.91,-2.21],[11.32,-27.66],[2.77,-6.64],[39.44,-91.75],[0,0],[0,0],[5.58,12.73],[14.44,33.5],[0.55,1.46],[0.7,1.66],[1.11,2.77],[35.51,88.23]],"v":[[622.12,291.82],[514.17,223.36],[-8.3,117.68],[-375.49,165.82],[-550.89,239.96],[-622.11,291.77],[-604.86,241.02],[-510.8,-10.29],[-503.81,-27.74],[-498.12,-41.72],[-495.41,-48.36],[-463.16,-125.47],[-454.92,-144.84],[-388.77,-291.82],[388.67,-291.82],[436.91,-185.98],[454.82,-144.79],[502.55,-30.56],[504.26,-26.23],[506.32,-21.15],[509.64,-12.8]],"c":true}}},{"ty":"fl","c":{"a":0,"k":[0.380000005984,0.328999986836,0.477999997606,1]},"o":{"a":0,"k":100},"r":1,"bm":0},{"ty":"tr","p":{"a":0,"k":[2111.8,2186.82]},"a":{"a":0,"k":[0,0]},"s":{"a":0,"k":[100,100]},"r":{"a":0,"k":0},"o":{"a":0,"k":100},"sk":{"a":0,"k":0},"sa":{"a":0,"k":0}}],"bm":0},{"ty":"gr","it":[{"ind":0,"ty":"sh","ks":{"a":0,"k":{"i":[[-19.81,-114.28],[0,0],[-32.95,112.87],[-18.38,54.78],[-35.19,87.72],[-2.29,5.73],[-14.76,34.26],[0,0],[0,0],[-39.48,-91.8],[-17.19,-42.3],[-2.38,-5.99],[-37.62,-112.27],[-16.86,-57.79]],"o":[[0,0],[19.86,-114.28],[16.86,-57.79],[37.24,-111.21],[2.33,-5.88],[17.62,-43.51],[39.43,-91.75],[0,0],[0,0],[14.43,33.5],[2.38,5.89],[35.48,88.23],[18.33,54.78],[32.91,112.87]],"v":[[756.88,548.48],[-756.88,548.48],[-675.26,204.42],[-622.11,35.16],[-510.73,-266.94],[-503.73,-284.4],[-454.82,-401.5],[-388.73,-548.47],[388.73,-548.47],[454.87,-401.45],[502.64,-287.21],[509.73,-269.46],[622.16,35.16],[675.31,204.42]],"c":true}}},{"ty":"fl","c":{"a":0,"k":[1,1,1,1]},"o":{"a":0,"k":100},"r":1,"bm":0},{"ty":"tr","p":{"a":0,"k":[2111.73,2481]},"a":{"a":0,"k":[0,0]},"s":{"a":0,"k":[100,100]},"r":{"a":0,"k":0},"o":{"a":0,"k":100},"sk":{"a":0,"k":0},"sa":{"a":0,"k":0}}],"bm":0}],"ip":0,"op":150,"st":0,"bm":0},{"ddd":0,"ind":5,"ty":4,"sr":1,"ks":{"o":{"a":0,"k":100},"r":{"a":1,"k":[{"i":{"x":[0.67],"y":[1]},"o":{"x":[0.33],"y":[0]},"t":10,"s":[-32]},{"i":{"x":[0.67],"y":[1]},"o":{"x":[0.33],"y":[0]},"t":26.49,"s":[-11]},{"i":{"x":[0.67],"y":[1]},"o":{"x":[0.33],"y":[0]},"t":42.97,"s":[-32]},{"i":{"x":[0.67],"y":[1]},"o":{"x":[0.33],"y":[0]},"t":59.45,"s":[-11]},{"i":{"x":[0.67],"y":[1]},"o":{"x":[0.33],"y":[0]},"t":75.94,"s":[-32]},{"i":{"x":[0.67],"y":[1]},"o":{"x":[0.33],"y":[0]},"t":92.42,"s":[-11]},{"i":{"x":[0.67],"y":[1]},"o":{"x":[0.33],"y":[0]},"t":108.91,"s":[-32]},{"i":{"x":[0.67],"y":[1]},"o":{"x":[0.33],"y":[0]},"t":125.39,"s":[-11]},{"t":141,"s":[-32]}]},"p":{"a":0,"k":[414.11,648.22,0]},"a":{"a":0,"k":[1611.82,2327.94,0]},"s":{"a":0,"k":[33,33,100]}},"ao":0,"shapes":[{"ty":"gr","it":[{"ind":0,"ty":"sh","ks":{"a":0,"k":{"i":[[-4.79,-17.46],[14.97,-4.1],[4.79,17.47],[-14.97,4.1]],"o":[[4.79,17.47],[-14.97,4.1],[-4.79,-17.46],[14.97,-4.1]],"v":[[27.1,-7.43],[8.67,31.62],[-27.1,7.43],[-8.67,-31.62]],"c":true}}},{"ty":"fl","c":{"a":0,"k":[1,1,1,1]},"o":{"a":0,"k":100},"r":1,"bm":0},{"ty":"tr","p":{"a":0,"k":[1072.41,1769.35]},"a":{"a":0,"k":[0,0]},"s":{"a":0,"k":[100,100]},"r":{"a":0,"k":0},"o":{"a":0,"k":100},"sk":{"a":0,"k":0},"sa":{"a":0,"k":0}}],"bm":0},{"ty":"gr","it":[{"ind":0,"ty":"sh","ks":{"a":0,"k":{"i":[[-4.79,-17.46],[14.97,-4.1],[4.79,17.47],[-14.97,4.1]],"o":[[4.79,17.47],[-14.97,4.1],[-4.79,-17.46],[14.97,-4.1]],"v":[[27.1,-7.43],[8.67,31.62],[-27.1,7.43],[-8.67,-31.62]],"c":true}}},{"ty":"fl","c":{"a":0,"k":[1,1,1,1]},"o":{"a":0,"k":100},"r":1,"bm":0},{"ty":"tr","p":{"a":0,"k":[979.82,1766.83]},"a":{"a":0,"k":[0,0]},"s":{"a":0,"k":[100,100]},"r":{"a":0,"k":0},"o":{"a":0,"k":100},"sk":{"a":0,"k":0},"sa":{"a":0,"k":0}}],"bm":0},{"ty":"gr","it":[{"ind":0,"ty":"sh","ks":{"a":0,"k":{"i":[[-4.79,-17.46],[14.97,-4.1],[4.79,17.47],[-14.97,4.1]],"o":[[4.79,17.47],[-14.97,4.1],[-4.79,-17.46],[14.97,-4.1]],"v":[[27.1,-7.43],[8.67,31.62],[-27.1,7.43],[-8.67,-31.62]],"c":true}}},{"ty":"fl","c":{"a":0,"k":[1,1,1,1]},"o":{"a":0,"k":100},"r":1,"bm":0},{"ty":"tr","p":{"a":0,"k":[914.18,1835.91]},"a":{"a":0,"k":[0,0]},"s":{"a":0,"k":[100,100]},"r":{"a":0,"k":0},"o":{"a":0,"k":100},"sk":{"a":0,"k":0},"sa":{"a":0,"k":0}}],"bm":0},{"ty":"gr","it":[{"ind":0,"ty":"sh","ks":{"a":0,"k":{"i":[[-8.37,-46.08],[40.03,-7.27],[8.37,46.08],[-40.03,7.27]],"o":[[8.37,46.08],[-40.03,7.27],[-8.37,-46.08],[40.03,-7.27]],"v":[[72.48,-13.17],[15.16,83.44],[-72.48,13.17],[-15.16,-83.44]],"c":true}}},{"ty":"fl","c":{"a":0,"k":[1,1,1,1]},"o":{"a":0,"k":100},"r":1,"bm":0},{"ty":"tr","p":{"a":0,"k":[1030.92,1912.87]},"a":{"a":0,"k":[0,0]},"s":{"a":0,"k":[100,100]},"r":{"a":0,"k":0},"o":{"a":0,"k":100},"sk":{"a":0,"k":0},"sa":{"a":0,"k":0}}],"bm":0},{"ty":"gr","it":[{"ind":0,"ty":"sh","ks":{"a":0,"k":{"i":[[11.72,0],[129.66,115.37],[24.48,159.87],[-32.69,41.2],[-12.46,4.66],[-36.42,16.23],[-17.19,-3.56],[-31.22,-2.95],[-40.25,-80.3],[-2.94,-0.77],[2.79,-10.75],[10.76,2.8],[145.81,290.85],[39.15,3.69],[0.23,-0.18],[6.23,1.87],[29.38,-13.1],[0.05,-0.36],[8.74,-1.34],[16.57,-20.88],[-9.84,-64.24],[-425.54,16.22],[-0.42,-11.1],[11.1,-0.42]],"o":[[-191.75,0],[-119.58,-106.4],[-11.61,-75.75],[16.63,-20.95],[5.65,-18.39],[32.52,-14.5],[12.93,-7.91],[53.84,5.08],[137.41,274.1],[10.75,2.8],[-2.79,10.75],[-12.75,-3.3],[-33.4,-66.63],[-27.28,-2.59],[-5.13,3.99],[-0.33,-0.1],[-30.6,13.64],[-1.28,8.75],[-0.53,0.1],[-25.45,32.07],[42.6,278.15],[11.11,-0.42],[0.42,11.1],[-11.89,0.45]],"v":[[273.22,447.33],[-217.12,271.54],[-440.52,-141.36],[-408.74,-317.62],[-360.9,-353.23],[-303.98,-420.68],[-217.27,-426.75],[-146.93,-444.38],[1.13,-310.03],[434.93,44.02],[449.34,68.55],[424.84,82.97],[-34.85,-292],[-150.71,-404.32],[-200.92,-389.32],[-219.13,-385.84],[-287.59,-383.93],[-324.24,-334.26],[-341.1,-317.27],[-377.22,-292.6],[-400.75,-147.46],[307.12,406.44],[327.99,425.78],[308.65,446.65]],"c":true}}},{"ty":"fl","c":{"a":0,"k":[0,0,0.447000002394,1]},"o":{"a":0,"k":100},"r":1,"bm":0},{"ty":"tr","p":{"a":0,"k":[1228.56,2038.18]},"a":{"a":0,"k":[0,0]},"s":{"a":0,"k":[100,100]},"r":{"a":0,"k":0},"o":{"a":0,"k":100},"sk":{"a":0,"k":0},"sa":{"a":0,"k":0}}],"bm":0},{"ty":"gr","it":[{"ind":0,"ty":"sh","ks":{"a":0,"k":{"i":[[6.29,-31.67],[63.65,2.72],[-110.71,347.08],[-571.65,-105.33]],"o":[[-10.92,101.77],[-453.5,46.15],[33.52,308.8],[104.24,19.21]],"v":[[471.92,361.06],[280.3,321.21],[-453.27,-398.28],[288.47,207.2]],"c":true}}},{"ty":"fl","c":{"a":0,"k":[0,0,0.447000002394,1]},"o":{"a":0,"k":100},"r":1,"bm":0},{"ty":"tr","p":{"a":0,"k":[1280.61,2143.09]},"a":{"a":0,"k":[0,0]},"s":{"a":0,"k":[100,100]},"r":{"a":0,"k":0},"o":{"a":0,"k":100},"sk":{"a":0,"k":0},"sa":{"a":0,"k":0}}],"bm":0},{"ty":"gr","it":[{"ind":0,"ty":"sh","ks":{"a":0,"k":{"i":[[-3.87,3.27],[0,0],[5.13,-1.81]],"o":[[-1.36,4.93],[0,0],[2.92,-3.57]],"v":[[5.08,-5.16],[3.27,2.84],[-5.08,5.16]],"c":true}}},{"ty":"fl","c":{"a":0,"k":[0.40800000359,0.404000016755,0.475,1]},"o":{"a":0,"k":100},"r":1,"bm":0},{"ty":"tr","p":{"a":0,"k":[881.15,1698.2]},"a":{"a":0,"k":[0,0]},"s":{"a":0,"k":[100,100]},"r":{"a":0,"k":0},"o":{"a":0,"k":100},"sk":{"a":0,"k":0},"sa":{"a":0,"k":0}}],"bm":0},{"ty":"gr","it":[{"ind":0,"ty":"sh","ks":{"a":0,"k":{"i":[[0,0],[127.66,130.88],[32.95,65.79],[50.1,4.73],[0,0],[36.87,-16.4],[5.13,-4.28],[-30.88,13.78],[0,0],[-36.16,-3.42],[-34.2,-68.31],[-44.31,-45.42],[-39.49,-12.12],[0,0]],"o":[[0,0],[-44.31,-45.42],[-34.2,-68.31],[-36.17,-3.42],[0,0],[-6.94,3.12],[3.97,-14.13],[36.87,-16.4],[0,0],[50.1,4.73],[32.95,65.79],[127.66,130.88],[6.34,1.91],[0,0]],"v":[[368.49,258.29],[29.53,77.31],[-89.18,-88.68],[-221.12,-212.02],[-285.66,-192.75],[-368.1,-189.99],[-386.11,-178.72],[-339.58,-235.91],[-257.13,-238.68],[-192.6,-257.94],[-60.66,-134.6],[58.05,31.39],[376.3,227.11],[386.11,229.92]],"c":true}}},{"ty":"fl","c":{"a":0,"k":[1,1,1,1]},"o":{"a":0,"k":100},"r":1,"bm":0},{"ty":"tr","p":{"a":0,"k":[1272.34,1871.76]},"a":{"a":0,"k":[0,0]},"s":{"a":0,"k":[100,100]},"r":{"a":0,"k":0},"o":{"a":0,"k":100},"sk":{"a":0,"k":0},"sa":{"a":0,"k":0}}],"bm":0},{"ty":"gr","it":[{"ind":0,"ty":"sh","ks":{"a":0,"k":{"i":[[0,0],[0,0],[9.71,0],[43.61,284.5],[-29.83,37.63],[0,0],[-41.55,18.56],[0,0],[-36.16,-3.42],[-34.2,-68.31],[-54.42,-50.1],[-36.67,-11.27],[0,0],[0,0]],"o":[[0,0],[-9.96,0.4],[-419.2,2.57],[-10.56,-69.01],[22.18,-27.97],[0,0],[36.87,-16.4],[0,0],[50.1,4.73],[39.69,79.22],[121.07,111.57],[6.34,1.91],[0,0],[0,0]],"v":[[464.68,290.43],[274.44,425.59],[244.91,426.2],[-454.11,-145.37],[-426.45,-306.08],[-377.6,-338.12],[-329.26,-403.31],[-246.82,-406.07],[-182.29,-425.34],[-50.35,-302],[95.77,-109.4],[386.61,59.71],[396.42,62.52],[428.56,169.81]],"c":true}}},{"ty":"fl","c":{"a":0,"k":[0.380000005984,0.328999986836,0.477999997606,1]},"o":{"a":0,"k":100},"r":1,"bm":0},{"ty":"tr","p":{"a":0,"k":[1262.03,2039.16]},"a":{"a":0,"k":[0,0]},"s":{"a":0,"k":[100,100]},"r":{"a":0,"k":0},"o":{"a":0,"k":100},"sk":{"a":0,"k":0},"sa":{"a":0,"k":0}}],"bm":0}],"ip":0,"op":150,"st":0,"bm":0}],"markers":[]}