{
  "formatVersion": 1,
  "database": {
    "version": 12,
    "identityHash": "fb3536b8932d1b4285d89c41295a414c",
    "entities": [
      {
        "tableName": "Album",
        "createSql": "CREATE TABLE IF NOT EXISTS `${TABLE_NAME}` (`initialAlbumName` TEXT NOT NULL, `displayedAlbumName` TEXT NOT NULL, `coverUri` TEXT, `homeWallpapersInQueue` TEXT NOT NULL, `lockWallpapersInQueue` TEXT NOT NULL, `selected` INTEGER NOT NULL, PRIMARY KEY(`initialAlbumName`))",
        "fields": [
          {
            "fieldPath": "initialAlbumName",
            "columnName": "initialAlbumName",
            "affinity": "TEXT",
            "notNull": true
          },
          {
            "fieldPath": "displayedAlbumName",
            "columnName": "displayedAlbumName",
            "affinity": "TEXT",
            "notNull": true
          },
          {
            "fieldPath": "coverUri",
            "columnName": "coverUri",
            "affinity": "TEXT"
          },
          {
            "fieldPath": "homeWallpapersInQueue",
            "columnName": "homeWallpapersInQueue",
            "affinity": "TEXT",
            "notNull": true
          },
          {
            "fieldPath": "lockWallpapersInQueue",
            "columnName": "lockWallpapersInQueue",
            "affinity": "TEXT",
            "notNull": true
          },
          {
            "fieldPath": "selected",
            "columnName": "selected",
            "affinity": "INTEGER",
            "notNull": true
          }
        ],
        "primaryKey": {
          "autoGenerate": false,
          "columnNames": [
            "initialAlbumName"
          ]
        }
      },
      {
        "tableName": "Wallpaper",
        "createSql": "CREATE TABLE IF NOT EXISTS `${TABLE_NAME}` (`initialAlbumName` TEXT NOT NULL, `wallpaperUri` TEXT NOT NULL, `fileName` TEXT NOT NULL, `dateModified` INTEGER NOT NULL, `order` INTEGER NOT NULL, `key` INTEGER NOT NULL, PRIMARY KEY(`key`))",
        "fields": [
          {
            "fieldPath": "initialAlbumName",
            "columnName": "initialAlbumName",
            "affinity": "TEXT",
            "notNull": true
          },
          {
            "fieldPath": "wallpaperUri",
            "columnName": "wallpaperUri",
            "affinity": "TEXT",
            "notNull": true
          },
          {
            "fieldPath": "fileName",
            "columnName": "fileName",
            "affinity": "TEXT",
            "notNull": true
          },
          {
            "fieldPath": "dateModified",
            "columnName": "dateModified",
            "affinity": "INTEGER",
            "notNull": true
          },
          {
            "fieldPath": "order",
            "columnName": "order",
            "affinity": "INTEGER",
            "notNull": true
          },
          {
            "fieldPath": "key",
            "columnName": "key",
            "affinity": "INTEGER",
            "notNull": true
          }
        ],
        "primaryKey": {
          "autoGenerate": false,
          "columnNames": [
            "key"
          ]
        }
      },
      {
        "tableName": "Folder",
        "createSql": "CREATE TABLE IF NOT EXISTS `${TABLE_NAME}` (`initialAlbumName` TEXT NOT NULL, `folderName` TEXT, `folderUri` TEXT NOT NULL, `coverUri` TEXT, `dateModified` INTEGER NOT NULL, `wallpapers` TEXT NOT NULL, `order` INTEGER NOT NULL, `key` INTEGER NOT NULL, PRIMARY KEY(`key`))",
        "fields": [
          {
            "fieldPath": "initialAlbumName",
            "columnName": "initialAlbumName",
            "affinity": "TEXT",
            "notNull": true
          },
          {
            "fieldPath": "folderName",
            "columnName": "folderName",
            "affinity": "TEXT"
          },
          {
            "fieldPath": "folderUri",
            "columnName": "folderUri",
            "affinity": "TEXT",
            "notNull": true
          },
          {
            "fieldPath": "coverUri",
            "columnName": "coverUri",
            "affinity": "TEXT"
          },
          {
            "fieldPath": "dateModified",
            "columnName": "dateModified",
            "affinity": "INTEGER",
            "notNull": true
          },
          {
            "fieldPath": "wallpapers",
            "columnName": "wallpapers",
            "affinity": "TEXT",
            "notNull": true
          },
          {
            "fieldPath": "order",
            "columnName": "order",
            "affinity": "INTEGER",
            "notNull": true
          },
          {
            "fieldPath": "key",
            "columnName": "key",
            "affinity": "INTEGER",
            "notNull": true
          }
        ],
        "primaryKey": {
          "autoGenerate": false,
          "columnNames": [
            "key"
          ]
        }
      }
    ],
    "setupQueries": [
      "CREATE TABLE IF NOT EXISTS room_master_table (id INTEGER PRIMARY KEY,identity_hash TEXT)",
      "INSERT OR REPLACE INTO room_master_table (id,identity_hash) VALUES(42, 'fb3536b8932d1b4285d89c41295a414c')"
    ]
  }
}